--
-- PostgreSQL database dump
--

-- Dumped from database version 10.5
-- Dumped by pg_dump version 10.5

SET statement_timeout = 0;
SET lock_timeout = 0;
SET idle_in_transaction_session_timeout = 0;
SET client_encoding = 'UTF8';
SET standard_conforming_strings = on;
SELECT pg_catalog.set_config('search_path', '', false);
SET check_function_bodies = false;
SET client_min_messages = warning;
SET row_security = off;

--
-- Name: plpgsql; Type: EXTENSION; Schema: -; Owner: 
--

CREATE EXTENSION IF NOT EXISTS plpgsql WITH SCHEMA pg_catalog;


--
-- Name: EXTENSION plpgsql; Type: COMMENT; Schema: -; Owner: 
--

COMMENT ON EXTENSION plpgsql IS 'PL/pgSQL procedural language';


SET default_tablespace = '';

SET default_with_oids = false;

--
-- Name: arenas; Type: TABLE; Schema: public; Owner: don
--

CREATE TABLE public.arenas (
    id integer NOT NULL,
    name character varying(255),
    team_id integer,
    created_at timestamp with time zone,
    updated_at timestamp with time zone
);


--
-- Name: arenas_id_seq; Type: SEQUENCE; Schema: public; Owner: don
--

CREATE SEQUENCE public.arenas_id_seq
    AS integer
    START WITH 1
    INCREMENT BY 1
    NO MINVALUE
    NO MAXVALUE
    CACHE 1;



--
-- Name: arenas_id_seq; Type: SEQUENCE OWNED BY; Schema: public; Owner: don
--

ALTER SEQUENCE public.arenas_id_seq OWNED BY public.arenas.id;


--
-- Name: knex_migrations; Type: TABLE; Schema: public; Owner: don
--

CREATE TABLE public.knex_migrations (
    id integer NOT NULL,
    name character varying(255),
    batch integer,
    migration_time timestamp with time zone
);



--
-- Name: knex_migrations_id_seq; Type: SEQUENCE; Schema: public; Owner: don
--

CREATE SEQUENCE public.knex_migrations_id_seq
    START WITH 1
    INCREMENT BY 1
    NO MINVALUE
    NO MAXVALUE
    CACHE 1;



--
-- Name: knex_migrations_id_seq; Type: SEQUENCE OWNED BY; Schema: public; Owner: don
--

ALTER SEQUENCE public.knex_migrations_id_seq OWNED BY public.knex_migrations.id;


--
-- Name: knex_migrations_lock; Type: TABLE; Schema: public; Owner: don
--

CREATE TABLE public.knex_migrations_lock (
    index integer NOT NULL,
    is_locked integer
);



--
-- Name: knex_migrations_lock_index_seq; Type: SEQUENCE; Schema: public; Owner: don
--

CREATE SEQUENCE public.knex_migrations_lock_index_seq
    START WITH 1
    INCREMENT BY 1
    NO MINVALUE
    NO MAXVALUE
    CACHE 1;



--
-- Name: knex_migrations_lock_index_seq; Type: SEQUENCE OWNED BY; Schema: public; Owner: don
--

ALTER SEQUENCE public.knex_migrations_lock_index_seq OWNED BY public.knex_migrations_lock.index;


--
-- Name: players; Type: TABLE; Schema: public; Owner: don
--

CREATE TABLE public.players (
    id integer NOT NULL,
    name character varying(24),
    team_id integer,
    "position" character varying(2),
    games_played integer,
    goals integer,
    assists integer,
    points integer,
    plus_minus integer,
    penalty_minutes integer,
    points_per_game real,
    ppg integer,
    ppp integer,
    shg integer,
    shp integer,
    gwg integer,
    otg integer,
    shots integer,
    shot_percentage real,
    toi_gp character varying(8),
    shifts_gp real,
    fow_percentage real
);



--
-- Name: players_id_seq; Type: SEQUENCE; Schema: public; Owner: don
--

CREATE SEQUENCE public.players_id_seq
    START WITH 1
    INCREMENT BY 1
    NO MINVALUE
    NO MAXVALUE
    CACHE 1;



--
-- Name: players_id_seq; Type: SEQUENCE OWNED BY; Schema: public; Owner: don
--

ALTER SEQUENCE public.players_id_seq OWNED BY public.players.id;


--
-- Name: teams; Type: TABLE; Schema: public; Owner: don
--

CREATE TABLE public.teams (
    id integer NOT NULL,
    city character varying(24),
    name character varying(24)
);



--
-- Name: arenas id; Type: DEFAULT; Schema: public; Owner: don
--

ALTER TABLE ONLY public.arenas ALTER COLUMN id SET DEFAULT nextval('public.arenas_id_seq'::regclass);


--
-- Name: knex_migrations id; Type: DEFAULT; Schema: public; Owner: don
--

ALTER TABLE ONLY public.knex_migrations ALTER COLUMN id SET DEFAULT nextval('public.knex_migrations_id_seq'::regclass);


--
-- Name: knex_migrations_lock index; Type: DEFAULT; Schema: public; Owner: don
--

ALTER TABLE ONLY public.knex_migrations_lock ALTER COLUMN index SET DEFAULT nextval('public.knex_migrations_lock_index_seq'::regclass);


--
-- Name: players id; Type: DEFAULT; Schema: public; Owner: don
--

ALTER TABLE ONLY public.players ALTER COLUMN id SET DEFAULT nextval('public.players_id_seq'::regclass);


--
-- Data for Name: arenas; Type: TABLE DATA; Schema: public; Owner: don
--

COPY public.arenas (id, name, team_id, created_at, updated_at) FROM stdin;
1	Rogers Arena	28	\N	\N
\.


--
-- Data for Name: knex_migrations; Type: TABLE DATA; Schema: public; Owner: don
--

COPY public.knex_migrations (id, name, batch, migration_time) FROM stdin;
2	20180724153502_create_coaches.js	1	2018-07-26 10:12:03.739-07
5	20190129154253_create_arenas.js	2	2019-01-29 16:08:20.114-08
\.


--
-- Data for Name: knex_migrations_lock; Type: TABLE DATA; Schema: public; Owner: don
--

COPY public.knex_migrations_lock (index, is_locked) FROM stdin;
1	0
\.


--
-- Data for Name: players; Type: TABLE DATA; Schema: public; Owner: don
--

COPY public.players (id, name, team_id, "position", games_played, goals, assists, points, plus_minus, penalty_minutes, points_per_game, ppg, ppp, shg, shp, gwg, otg, shots, shot_percentage, toi_gp, shifts_gp, fow_percentage) FROM stdin;
2	Sidney Crosby	23	C	75	44	45	89	17	24	1.19000006	14	25	0	0	5	1	255	17.2999992	19:52	24.7000008	48.2000008
3	Patrick Kane	8	R	82	34	55	89	11	32	1.09000003	7	23	0	0	5	1	292	11.6000004	21:23	23.2999992	13.6999998
4	Nicklas Backstrom	30	C	82	23	63	86	17	38	1.04999995	8	35	0	0	5	2	162	14.1999998	18:15	22.5	51.4000015
5	Nikita Kucherov	26	R	74	40	45	85	13	38	1.14999998	17	32	0	0	7	1	246	16.2999992	19:26	23.3999996	0
6	Brad Marchand	3	L	80	39	46	85	18	81	1.05999994	9	24	3	5	8	1	226	17.2999992	19:26	24.2999992	36.0999985
7	Mark Scheifele	29	C	79	32	50	82	18	38	1.03999996	7	15	0	2	5	2	160	20	20:33	24.8999996	43.5
8	Leon Draisaitl	12	C	82	29	48	77	7	20	0.939999998	10	27	0	0	5	3	172	16.8999996	18:53	22.7000008	49
9	Brent Burns	24	D	82	29	47	76	19	40	0.930000007	8	25	0	1	6	3	320	9.10000038	24:51:00	28	0
10	Vladimir Tarasenko	25	R	82	39	36	75	-1	12	0.910000026	9	22	0	0	8	3	286	13.6000004	18:28	25.2000008	50
12	Blake Wheeler	29	R	82	26	48	74	6	47	0.899999976	5	21	2	3	4	0	259	10	20:08	26.2000008	45.7000008
13	Ryan Getzlaf	1	C	74	15	58	73	7	49	0.99000001	6	20	2	3	3	0	138	10.8999996	21:04	26.7000008	50.2999992
14	Evgeni Malkin	23	C	62	33	39	72	18	77	1.15999997	11	23	0	0	6	1	191	17.2999992	18:37	22.7999992	43.0999985
15	Tyler Seguin	10	C	82	26	46	72	-15	22	0.879999995	11	29	0	0	4	1	301	8.60000038	18:27	24.2999992	51
16	Victor Hedman	26	D	79	16	56	72	3	47	0.910000026	4	33	0	0	5	2	166	9.60000038	24:30:00	27.8999996	0
17	Erik Karlsson	21	D	77	17	54	71	10	28	0.920000017	4	27	0	2	5	1	218	7.80000019	26:50:00	31.5	0
18	David Pastrnak	3	R	75	34	36	70	11	34	0.930000007	10	24	0	0	6	2	262	13	17:58	21.2999992	66.6999969
19	Phil Kessel	23	R	82	23	47	70	3	20	0.850000024	8	30	0	0	4	1	229	10	17:56	21.8999996	33.2999992
20	Auston Matthews	27	C	82	40	29	69	2	14	0.839999974	8	21	0	0	8	1	279	14.3000002	17:37	23.1000004	46.7999992
21	Alex Ovechkin	30	L	82	33	36	69	6	50	0.839999974	17	26	0	0	7	2	313	10.5	18:21	21.2000008	0
22	Mikael Granlund	15	C	81	26	43	69	23	12	0.850000024	7	20	3	4	4	1	177	14.6999998	18:49	23.7000008	48.5
23	Jamie Benn	10	L	77	26	43	69	-9	66	0.899999976	12	26	1	1	4	2	201	12.8999996	19:22	27.1000004	51.5
24	Joe Pavelski	24	C	81	29	39	68	11	34	0.839999974	7	22	1	1	7	0	233	12.3999996	19:07	24.2000008	52.5
25	Henrik Zetterberg	11	L	82	17	51	68	15	22	0.829999983	2	13	0	0	0	0	195	8.69999981	19:43	24.1000004	51.7999992
26	Max Pacioretty	16	L	81	35	32	67	15	38	0.829999983	8	13	1	2	7	2	268	13.1000004	19:10	24.7999992	54
27	Jeff Carter	14	C	82	32	34	66	2	41	0.800000012	10	22	1	1	9	4	250	12.8000002	18:01	23.3999996	51.9000015
28	John Tavares	19	C	77	28	38	66	4	38	0.860000014	7	18	1	2	3	1	260	10.8000002	20:25	24.7999992	50.5999985
29	Eric Staal	15	C	82	28	37	65	17	34	0.790000021	4	16	1	2	8	0	211	13.3000002	18:36	23.5	49.0999985
30	Patrik Laine	29	R	73	36	28	64	7	26	0.879999995	9	14	0	0	5	1	204	17.6000004	17:54	22.3999996	0
31	Nikolaj Ehlers	29	L	82	25	39	64	1	38	0.779999971	5	12	0	0	4	0	204	12.3000002	17:29	22.5	0
32	Jeff Skinner	5	L	79	37	26	63	-3	28	0.800000012	7	15	0	0	4	0	281	13.1999998	17:44	21.7999992	37
33	Cam Atkinson	6	R	82	35	27	62	13	22	0.75999999	10	21	3	3	9	3	240	14.6000004	18:05	24	66.6999969
34	James van Riemsdyk	27	L	82	29	33	62	-2	37	0.75999999	6	19	0	0	5	0	238	12.1999998	15:53	21.6000004	20
35	Nazem Kadri	27	C	82	32	29	61	-7	95	0.74000001	12	17	0	0	6	2	236	13.6000004	16:34	23	48
36	Viktor Arvidsson	18	L	80	31	30	61	16	28	0.75999999	4	9	5	7	6	1	246	12.6000004	17:09	23.7999992	25
37	Mike Hoffman	21	L	74	26	35	61	17	51	0.819999993	13	26	0	0	8	1	224	11.6000004	17:35	21.3999996	57.0999985
38	William Nylander	27	C	81	22	39	61	-3	32	0.75	9	26	0	0	2	0	205	10.6999998	16:00	21.7999992	40.2000008
39	Jakub Voracek	22	R	82	20	41	61	-24	56	0.74000001	5	23	0	0	3	2	253	7.9000001	19:05	24.2999992	21.3999996
40	Mitchell Marner	27	C	77	19	42	61	0	38	0.790000021	4	21	0	0	5	0	176	10.8000002	16:48	21.8999996	37.7999992
41	Johnny Gaudreau	7	L	72	18	43	61	-7	4	0.850000024	4	16	0	0	3	1	182	9.89999962	18:29	22.2000008	0
42	Ryan Johansen	18	C	82	14	47	61	1	60	0.74000001	4	23	1	1	3	0	154	9.10000038	18:50	24.3999996	54.5999985
43	Evgeny Kuznetsov	30	C	82	19	40	59	18	46	0.720000029	3	14	0	0	4	0	170	11.1999998	16:57	20.2999992	44
44	Mats Zuccarello	20	R	80	15	44	59	15	26	0.74000001	5	14	0	0	3	0	189	7.9000001	18:49	24	46.2000008
45	Alexander Wennberg	6	C	80	13	46	59	9	21	0.74000001	2	23	0	0	5	0	109	11.8999996	18:22	23.7000008	47.4000015
46	Filip Forsberg	18	L	82	31	27	58	-4	32	0.709999979	3	9	3	3	9	1	234	13.1999998	18:31	25.3999996	27.7999992
47	Sean Monahan	7	C	82	27	31	58	-1	20	0.709999979	8	17	1	1	4	2	199	13.6000004	17:34	22.3999996	51.5
48	Marcus Johansson	30	L	82	24	34	58	25	10	0.709999979	5	19	0	0	5	2	129	18.6000004	16:59	19.7000008	46.4000015
51	Mikko Koivu	15	C	80	18	40	58	27	34	0.730000019	2	20	0	2	4	1	139	12.8999996	19:06	25.2000008	55.2000008
52	Claude Giroux	22	C	82	14	44	58	-15	38	0.709999979	5	31	0	1	3	2	199	7	19:07	25	55.9000015
53	Nino Niederreiter	15	R	82	25	32	57	17	53	0.699999988	8	14	0	0	3	0	186	13.3999996	15:04	19.7000008	0
54	Jack Eichel	4	C	61	24	33	57	-13	22	0.930000007	10	24	0	0	4	1	249	9.60000038	19:55	22	38.9000015
55	T.J. Oshie	30	R	68	33	23	56	28	36	0.819999993	7	13	1	3	4	1	143	23.1000004	17:51	21.8999996	48.2999992
56	J.T. Miller	20	L	82	22	34	56	17	21	0.680000007	2	7	3	4	6	1	132	16.7000008	16:21	23.1000004	44
57	Charlie Coyle	15	C	82	18	38	56	13	36	0.680000007	4	9	0	0	5	0	159	11.3000002	16:42	21	46
58	Josh Bailey	19	R	82	13	43	56	5	12	0.680000007	3	12	0	0	1	1	173	7.5	18:22	22.3999996	53.2999992
59	Kevin Shattenkirk	30	D	80	13	43	56	-7	47	0.699999988	8	27	0	0	2	0	161	8.10000038	19:56	25.2000008	0
60	Kyle Turris	21	C	78	27	28	55	-3	47	0.709999979	6	17	0	0	6	2	185	14.6000004	19:30	24.3999996	53.0999985
61	Brayden Schenn	22	C	79	25	30	55	-13	38	0.699999988	17	28	0	0	7	2	178	14	17:48	22.3999996	47
49	Ryan Kesler	1	C	82	22	36	58	8	83	0.709999979	8	20	0	0	2	0	186	11.8000002	21:18	27.5	57.4000015
11	Artemi Panarin	8	L	82	31	43	74	18	21	0.899999976	9	17	0	0	5	1	211	14.6999998	19:28	22.2000008	20
62	Radim Vrbata	2	R	81	20	35	55	-18	16	0.680000007	4	15	0	0	4	0	233	8.60000038	16:53	21.3999996	36.2000008
63	Ryan O'Reilly	4	C	72	20	35	55	-1	10	0.75999999	8	24	1	2	3	0	189	10.6000004	21:27	25.5	58
64	Jaden Schwartz	25	L	78	19	36	55	14	18	0.709999979	3	9	0	0	4	1	179	10.6000004	18:54	26.1000004	47.9000015
65	Tyler Bozak	27	C	78	18	37	55	-1	30	0.709999979	7	18	0	0	1	0	145	12.3999996	16:25	22.7000008	56.7000008
66	Derek Stepan	20	C	81	17	38	55	19	16	0.680000007	4	18	1	1	2	0	209	8.10000038	18:36	25.3999996	47
67	Wayne Simmonds	22	R	82	31	23	54	-18	122	0.660000026	16	25	2	2	4	1	224	13.8000002	18:58	25	47.0999985
68	David Krejci	3	C	82	23	31	54	-12	26	0.660000026	8	14	0	0	3	0	158	14.6000004	18:15	21.8999996	51.5
69	Vincent Trocheck	13	C	82	23	31	54	-13	43	0.660000026	2	12	0	1	2	1	230	10	20:49	25.6000004	50.2000008
70	Mark Stone	21	R	71	22	32	54	12	25	0.75999999	6	14	0	0	5	0	134	16.3999996	18:33	22.7000008	40
71	Alexander Radulov	16	R	76	18	36	54	10	62	0.709999979	6	16	0	0	2	1	147	12.1999998	18:17	22.7000008	50
72	Chris Kreider	20	L	75	28	25	53	6	58	0.709999979	6	13	0	0	4	1	186	15.1000004	17:00	22.5	55.5999985
73	Kyle Palmieri	17	R	80	26	27	53	2	46	0.660000026	8	19	1	1	3	0	192	13.5	17:20	22.1000004	41.4000015
74	Brandon Saad	6	L	82	24	29	53	23	8	0.649999976	1	3	0	0	4	0	210	11.3999996	17:01	23	44.4000015
75	Conor Sheary	23	L	61	23	30	53	24	22	0.870000005	2	5	0	0	6	1	154	14.8999996	15:56	21.1000004	0
77	Jonathan Drouin	26	L	73	21	32	53	-13	16	0.730000019	9	26	0	0	6	1	183	11.5	17:42	21.1000004	43.5999985
78	Patrice Bergeron	3	C	79	21	32	53	12	24	0.670000017	8	17	0	3	7	0	302	7	19:25	24.5	60.0999985
79	Taylor Hall	17	L	72	20	33	53	-9	32	0.74000001	7	15	0	0	4	2	238	8.39999962	19:19	22.6000004	44.4000015
80	Corey Perry	1	R	82	19	34	53	2	76	0.649999976	5	20	0	0	3	0	215	8.80000019	17:42	22.1000004	35
81	Nathan MacKinnon	9	C	82	16	37	53	-14	16	0.649999976	2	14	2	2	4	2	251	6.4000001	19:56	25.6000004	50.5999985
82	Duncan Keith	8	D	80	6	47	53	22	16	0.660000026	2	15	0	0	2	1	183	3.29999995	25:37:00	29.7000008	0
83	Anders Lee	19	L	81	34	18	52	9	56	0.639999986	9	14	0	0	6	0	191	17.7999992	15:35	20.3999996	38.9000015
84	Logan Couture	24	C	73	25	27	52	11	12	0.709999979	11	15	0	1	3	0	174	14.3999996	17:36	24.3999996	39.4000015
85	Aleksander Barkov	13	C	61	21	31	52	13	10	0.850000024	3	14	0	0	5	2	142	14.8000002	19:24	24.1000004	46.5
86	Bo Horvat	28	C	81	20	32	52	-7	27	0.639999986	3	10	2	2	1	0	158	12.6999998	18:01	25.3999996	50.5
87	Ondrej Palat	26	L	75	17	35	52	8	39	0.689999998	5	15	0	0	3	0	162	10.5	19:07	24.1000004	26.5
88	Dustin Byfuglien	29	D	80	13	39	52	10	117	0.649999976	1	14	0	2	1	0	241	5.4000001	27:26:00	29.1000004	0
89	Anze Kopitar	14	C	76	12	40	52	-10	28	0.680000007	5	19	0	1	0	0	150	8	20:45	24.7000008	52.7000008
90	Rickard Rakell	1	C	71	33	18	51	10	12	0.720000029	5	12	0	0	10	1	177	18.6000004	17:23	22.2000008	42.2000008
91	Patrick Eaves	1	R	79	32	19	51	-2	24	0.649999976	13	18	0	0	2	0	209	15.3000002	16:24	23.2000008	50
92	Jonathan Marchessault	13	C	75	30	21	51	-21	38	0.680000007	8	18	0	0	6	1	193	15.5	16:54	20.8999996	45.2000008
93	Nick Foligno	6	L	79	26	25	51	-4	55	0.649999976	11	21	0	0	5	1	185	14.1000004	18:25	23.5	46.0999985
94	Jordan Eberle	12	R	82	20	31	51	3	16	0.620000005	4	14	0	0	0	0	208	9.60000038	16:46	21.7000008	50
95	Alexander Steen	25	L	76	16	35	51	-2	53	0.670000017	3	16	0	0	2	0	117	13.6999998	19:18	26.8999996	40.9000015
96	Justin Schultz	23	D	78	12	39	51	27	34	0.649999976	3	20	0	0	1	0	154	7.80000019	20:26	26.1000004	0
97	Torey Krug	3	D	81	8	43	51	-10	37	0.629999995	6	25	0	0	1	0	208	3.79999995	21:36	26.2000008	0
98	Milan Lucic	12	L	82	23	27	50	-3	50	0.610000014	12	25	0	0	3	0	175	13.1000004	17:09	21.6000004	57.0999985
99	Sam Gagner	6	C	81	18	32	50	10	22	0.620000005	8	18	0	0	1	0	178	10.1000004	13:42	17.6000004	47.5
100	Jason Spezza	10	C	68	15	35	50	-18	29	0.74000001	2	19	1	1	4	0	149	10.1000004	16:10	22.5	52.2000008
101	Henrik Sedin	28	C	82	15	35	50	-27	28	0.610000014	1	15	0	0	4	2	99	15.1999998	19:02	23.5	49
102	Dougie Hamilton	7	D	81	13	37	50	12	64	0.620000005	2	14	0	1	5	1	222	5.9000001	19:41	26.2999992	0
103	Joe Thornton	24	C	79	7	43	50	7	51	0.629999995	1	19	0	0	0	0	81	8.60000038	18:03	23.2000008	50.9000015
104	Sebastian Aho	5	R	82	24	25	49	-1	26	0.600000024	6	17	1	2	4	1	214	11.1999998	16:47	22.1000004	48.5999985
105	Jakob Silfverberg	1	R	79	23	26	49	10	20	0.620000005	5	9	1	1	5	0	227	10.1000004	18:29	25.2999992	14.3000002
106	Kevin Hayes	20	C	76	17	32	49	10	18	0.639999986	1	7	1	7	4	0	143	11.8999996	16:33	23.6000004	45.7000008
107	John Klingberg	10	D	80	13	36	49	2	34	0.610000014	4	17	0	0	3	0	124	10.5	23:21	27.6000004	100
108	Roman Josi	18	D	72	12	37	49	7	18	0.680000007	7	18	0	1	1	0	217	5.5	25:04:00	28.7999992	0
109	Justin Williams	30	R	80	24	24	48	14	50	0.600000024	5	10	0	0	4	0	167	14.3999996	15:28	19.2000008	54.7000008
110	Thomas Vanek	13	L	68	17	31	48	-5	22	0.709999979	5	13	0	0	2	0	133	12.8000002	14:24	18.8999996	40
111	Alex Pietrangelo	25	D	80	14	34	48	3	24	0.600000024	6	19	0	0	4	0	181	7.69999981	25:16:00	30.8999996	0
112	Matthew Tkachuk	7	L	76	13	35	48	14	105	0.629999995	3	13	0	0	2	0	142	9.19999981	14:39	19.2999992	34.7999992
113	Gustav Nyquist	11	R	76	12	36	48	0	18	0.629999995	2	9	0	0	2	0	165	7.30000019	17:26	22	80
114	Jason Zucker	15	L	79	22	25	47	34	30	0.589999974	1	1	0	0	3	0	172	12.8000002	15:17	20.2999992	20
115	Bryan Little	29	C	59	21	26	47	-7	18	0.800000012	6	12	0	0	3	1	119	17.6000004	17:33	24.7000008	55.5999985
116	Sam Reinhart	4	C	79	17	30	47	-11	8	0.589999974	9	17	0	0	3	0	178	9.60000038	17:13	20.2000008	40.9000015
117	Jason Pominville	15	R	78	13	34	47	2	4	0.600000024	0	7	0	0	2	0	176	7.4000001	14:13	19.8999996	50
118	Zach Werenski	6	D	78	11	36	47	17	14	0.600000024	4	21	0	0	1	1	188	5.9000001	20:54	26.5	0
119	Patrick Marleau	24	L	82	27	19	46	4	28	0.560000002	7	16	0	0	6	0	190	14.1999998	17:09	22.6000004	53.5
120	Tomas Tatar	11	L	82	25	21	46	-8	26	0.560000002	5	8	0	0	5	0	166	15.1000004	17:16	23.3999996	61.5
121	David Perron	25	L	82	18	28	46	-2	54	0.560000002	3	13	1	1	3	1	151	11.8999996	17:17	24.6000004	48.5
122	Jaromir Jagr	13	R	82	16	30	46	2	56	0.560000002	8	13	0	0	2	0	181	8.80000019	16:59	21.1000004	50
123	Nick Leddy	19	D	81	11	35	46	-3	12	0.569999993	3	15	0	0	1	0	137	8	22:43	23.6000004	0
124	Marian Hossa	8	R	73	26	19	45	7	8	0.620000005	5	11	1	1	7	3	167	15.6000004	16:51	22.7000008	35.7000008
125	Artem Anisimov	8	C	64	22	23	45	9	30	0.699999988	4	8	0	0	7	1	105	21	17:50	21.8999996	45.0999985
126	Brock Nelson	19	C	81	20	25	45	-6	36	0.560000002	1	6	0	1	4	1	173	11.6000004	15:38	21.3999996	43.7000008
127	Kyle Okposo	4	R	65	19	26	45	-7	24	0.689999998	7	23	0	0	2	1	156	12.1999998	18:58	22.2000008	54.5
128	Tyler Johnson	26	C	66	19	26	45	-5	28	0.680000007	6	17	0	0	3	1	130	14.6000004	18:49	23.7999992	52
129	Victor Rask	5	C	82	16	29	45	-10	16	0.550000012	4	10	0	1	3	0	186	8.60000038	17:17	22.7000008	49.7999992
130	Jordan Staal	5	C	75	16	29	45	-1	38	0.600000024	4	8	1	1	3	0	164	9.80000019	18:39	25.7000008	59.0999985
131	Travis Zajac	17	C	80	14	31	45	-8	33	0.560000002	6	12	1	2	1	0	126	11.1000004	19:43	24.6000004	54.7000008
132	Mathieu Perreault	29	C	65	13	32	45	-11	30	0.689999998	3	15	0	0	3	0	134	9.69999981	16:17	20.8999996	51.2999992
133	Elias Lindholm	5	C	72	11	34	45	-2	16	0.629999995	2	11	1	5	0	0	151	7.30000019	18:10	24.2000008	55.5999985
134	Rasmus Ristolainen	4	D	79	6	39	45	-9	58	0.569999993	1	25	0	1	2	2	186	3.20000005	26:28:00	29.6000004	0
135	Tanner Pearson	14	L	80	24	20	44	5	13	0.550000012	3	8	1	2	5	2	187	12.8000002	16:19	22.2999992	41.7000008
136	Richard Panik	8	R	82	22	22	44	14	58	0.540000021	4	9	0	0	5	0	155	14.1999998	14:44	19.2000008	28.6000004
137	Patric Hornqvist	23	R	70	21	23	44	16	28	0.629999995	10	17	0	0	6	0	223	9.39999962	15:57	21.3999996	27.2999992
138	Alex Galchenyuk	16	C	61	17	27	44	-5	24	0.720000029	6	15	0	0	6	5	104	16.2999992	15:55	20.8999996	42.7000008
139	Michael Frolik	7	R	82	17	27	44	13	58	0.540000021	3	8	2	3	1	1	202	8.39999962	17:04	22.7000008	44.7999992
140	Daniel Sedin	28	L	82	15	29	44	-16	32	0.540000021	6	14	0	0	3	1	216	6.9000001	18:23	23.5	50
141	Drew Doughty	14	D	82	12	32	44	8	46	0.540000021	5	19	0	1	1	1	181	6.5999999	27:08:00	32.4000015	100
142	Evander Kane	4	L	70	28	15	43	-17	113	0.610000014	3	8	0	0	5	1	260	10.8000002	19:12	22.5	45.0999985
143	Paul Byron	16	L	81	22	21	43	21	29	0.529999971	0	4	1	1	6	1	96	22.8999996	15:04	22.7999992	66.6999969
144	Ryan Nugent-Hopkins	12	C	82	18	25	43	-10	29	0.519999981	5	11	0	0	4	1	200	9	17:41	24	43.7999992
145	Jake Gardiner	27	D	82	9	34	43	24	34	0.519999981	2	13	0	0	2	2	127	7.0999999	21:32	26.6000004	0
146	Patrick Maroon	12	L	81	27	15	42	13	95	0.519999981	3	6	0	0	5	0	178	15.1999998	16:44	21.2000008	40
147	Zach Parise	15	L	69	19	23	42	-3	30	0.610000014	6	12	0	0	4	0	194	9.80000019	17:25	22.2999992	61.5
148	Mike Fisher	18	C	72	18	24	42	1	55	0.579999983	7	17	0	0	3	0	120	15	16:37	23.3999996	54.9000015
149	Shea Weber	16	D	78	17	25	42	20	38	0.540000021	12	22	0	2	4	0	183	9.30000019	25:03:00	28.3999996	0
150	Teuvo Teravainen	5	L	81	15	27	42	-6	16	0.519999981	5	15	0	0	2	1	169	8.89999962	16:14	21.1000004	46.7000008
151	Seth Jones	6	D	75	12	30	42	6	24	0.560000002	1	7	0	0	3	3	152	7.9000001	23:24	30	0
152	Valtteri Filppula	22	C	79	12	30	42	-1	26	0.529999971	0	7	0	0	1	0	97	12.3999996	17:24	22.3999996	47.7999992
153	Ryan McDonagh	20	D	77	6	36	42	20	37	0.550000012	1	15	1	1	1	0	153	3.9000001	24:21:00	29.5	0
154	James Neal	18	R	70	23	18	41	-10	35	0.589999974	5	13	0	0	5	1	202	11.3999996	17:41	22.7999992	50
155	Matt Duchene	9	C	77	18	23	41	-34	12	0.529999971	3	9	1	1	3	1	160	11.3000002	18:18	23.2999992	62.5999985
156	Frans Nielsen	11	C	79	17	24	41	-19	18	0.519999981	4	15	2	2	0	0	162	10.5	17:08	24.3999996	53.7999992
157	Brandon Dubinsky	6	C	80	12	29	41	16	91	0.50999999	1	4	1	1	5	1	115	10.3999996	17:53	24.3999996	51.7000008
158	Keith Yandle	13	D	82	5	36	41	-6	39	0.5	2	18	0	1	0	0	178	2.79999995	22:02	25.7000008	0
159	Michael Grabner	20	R	76	27	13	40	22	10	0.529999971	0	0	1	3	3	0	162	16.7000008	14:05	22.2999992	53.7999992
160	Adam Henrique	17	C	82	20	20	40	-20	38	0.49000001	6	10	2	3	2	1	142	14.1000004	18:10	23.5	48.2000008
161	Brayden Point	26	C	68	18	22	40	4	14	0.589999974	5	12	0	0	2	0	122	14.8000002	17:07	20.7999992	44.7000008
162	Paul Stastny	25	C	66	18	22	40	4	36	0.610000014	5	13	0	0	5	0	112	16.1000004	19:08	26.5	55.7000008
163	Lee Stempniak	5	R	82	16	24	40	2	32	0.49000001	2	6	0	0	2	0	131	12.1999998	15:50	20.7999992	37.5
164	Phillip Danault	16	L	82	13	27	40	5	35	0.49000001	0	2	0	1	3	1	133	9.80000019	15:34	21.8999996	51.7000008
165	P.K. Subban	18	D	66	10	30	40	-8	44	0.610000014	3	16	0	1	2	0	142	7	24:24:00	28.2000008	0
166	Ryan Suter	15	D	82	9	31	40	34	36	0.49000001	4	12	1	2	1	0	164	5.5	26:55:00	28.2999992	0
167	Martin Hanzal	15	C	71	20	19	39	-17	53	0.550000012	5	9	0	0	2	1	169	11.8000002	17:43	23.2999992	56.4000015
168	Derick Brassard	21	C	81	14	25	39	12	24	0.479999989	3	7	0	0	3	0	195	7.19999981	17:22	22.5	50
169	Mark Giordano	7	D	81	12	27	39	22	59	0.479999989	3	14	2	3	4	1	151	7.9000001	23:34	29.2000008	0
170	Oliver Ekman-Larsson	2	D	79	12	27	39	-25	48	0.49000001	8	19	0	0	1	1	145	8.30000019	24:36:00	29.5	0
171	Ryan Spooner	3	C	78	11	28	39	-8	14	0.5	3	18	0	1	3	1	145	7.5999999	14:05	18.5	38.9000015
172	Cam Fowler	1	D	80	11	28	39	7	20	0.49000001	5	15	1	2	3	0	186	5.9000001	24:50:00	28.2000008	0
173	Alec Martinez	14	D	82	9	30	39	-17	24	0.479999989	2	15	1	1	3	2	144	6.30000019	21:38	29.6000004	0
174	Shayne Gostisbehere	22	D	76	7	32	39	-21	32	0.50999999	2	23	0	0	1	0	198	3.5	19:35	24.3999996	0
175	Brady Skjei	20	D	80	5	34	39	11	42	0.49000001	0	7	0	0	0	0	127	3.9000001	17:27	23.6000004	0
176	Matt Niskanen	30	D	78	5	34	39	20	32	0.5	1	9	0	1	2	0	154	3.20000005	22:10	26	0
177	Brent Seabrook	8	D	79	3	36	39	5	26	0.49000001	2	14	0	0	0	0	131	2.29999995	21:53	28.2999992	0
178	Rick Nash	20	R	67	23	15	38	9	26	0.569999993	6	9	1	1	3	0	195	11.8000002	16:27	24.7000008	0
179	Mikko Rantanen	9	R	75	20	18	38	-25	22	0.50999999	4	10	0	0	2	1	133	15	18:03	22.2000008	58
180	David Backes	3	R	74	17	21	38	2	69	0.50999999	2	7	0	0	2	0	175	9.69999981	17:07	21.2000008	48.7999992
181	Ryan Ellis	18	D	71	16	22	38	17	29	0.540000021	4	11	1	3	3	0	140	11.3999996	23:57	28.6000004	0
182	Oscar Klefbom	12	D	82	12	26	38	7	6	0.460000008	3	16	0	1	3	0	201	6	22:22	26.7999992	0
183	Jared Spurgeon	15	D	76	10	28	38	33	20	0.5	1	5	0	1	2	1	144	6.9000001	24:01:00	27.3999996	0
184	Max Domi	2	L	59	9	29	38	-9	40	0.639999986	1	8	0	0	1	0	108	8.30000019	16:58	20.8999996	50
185	Tyson Barrie	9	D	74	7	31	38	-34	18	0.50999999	1	10	0	0	2	0	182	3.79999995	23:18	27.7000008	0
186	Nick Bonino	23	C	80	18	19	37	-5	16	0.460000008	6	11	1	1	1	0	142	12.6999998	16:39	23.5	48
187	Justin Faulk	5	D	75	17	20	37	-18	32	0.49000001	4	13	0	0	2	0	225	7.5999999	23:08	26.5	0
188	Kris Versteeg	7	R	69	15	22	37	-3	46	0.540000021	8	16	0	0	1	0	136	11	14:43	18.6000004	52
189	Reilly Smith	13	R	80	15	22	37	-13	17	0.460000008	6	11	1	1	3	0	160	9.39999962	18:21	24.3999996	50
190	Mika Zibanejad	20	C	56	14	23	37	9	16	0.660000026	4	11	0	0	2	2	119	11.8000002	17:04	24.1000004	52
191	Scott Hartnell	6	L	78	13	24	37	14	63	0.469999999	2	3	0	0	1	0	104	12.5	12:03	17.3999996	50
192	John Carlson	30	D	72	9	28	37	7	10	0.50999999	3	16	0	1	3	0	180	5	22:42	26.6000004	0
193	Connor Brown	27	R	82	20	16	36	3	10	0.439999998	2	6	1	1	4	0	139	14.3999996	16:12	23.7000008	25
194	Alex Killorn	26	L	81	19	17	36	-9	66	0.439999998	4	10	1	2	4	0	176	10.8000002	18:00	22.6000004	33.2999992
195	Anthony Mantha	11	R	60	17	19	36	10	53	0.600000024	1	3	0	0	3	2	133	12.8000002	15:54	20.2000008	45.5
196	Dustin Brown	14	R	80	14	22	36	-4	22	0.449999988	4	6	1	1	1	0	175	8	16:00	21.6000004	40
197	Mike Green	11	D	72	14	22	36	-20	40	0.5	3	10	0	0	2	1	125	11.1999998	23:33	28.3999996	0
198	TJ Brodie	7	D	82	6	30	36	-16	24	0.439999998	1	12	1	2	2	1	78	7.69999981	23:34	29	0
199	Alex Goligoski	2	D	82	6	30	36	-9	28	0.439999998	1	8	1	2	0	0	112	5.4000001	23:19	28.7000008	0
200	Andrei Markov	16	D	62	6	30	36	18	16	0.579999983	1	12	0	1	1	0	98	6.0999999	21:50	26.6000004	0
201	Nikita Zaitsev	27	D	82	4	32	36	-22	38	0.439999998	1	12	0	1	0	0	106	3.79999995	22:01	29.7000008	0
202	Sven Baertschi	28	L	68	18	17	35	-6	8	0.50999999	2	6	0	0	5	0	114	15.8000002	15:52	21.5	100
203	Andrew Cogliano	1	L	82	16	19	35	11	26	0.430000007	0	0	3	4	2	0	178	9	15:08	23	44.4000015
204	Mark Letestu	12	C	78	16	19	35	-2	17	0.449999988	11	14	2	3	6	1	120	13.3000002	14:14	20.7999992	50.4000015
205	Brian Gionta	4	R	82	15	20	35	-11	22	0.430000007	3	7	1	2	3	0	149	10.1000004	16:36	20.6000004	43.4000015
206	Colin Wilson	18	L	70	12	23	35	7	18	0.5	6	7	0	0	0	0	113	10.6000004	14:57	20.7000008	41
207	Andre Burakovsky	30	L	64	12	23	35	13	14	0.550000012	2	5	0	0	1	0	111	10.8000002	13:15	16.5	28.6000004
208	Andrej Sekera	12	D	80	8	27	35	14	18	0.439999998	1	11	1	1	1	0	128	6.30000019	21:28	27	0
209	Colton Parayko	25	D	81	4	31	35	7	32	0.430000007	4	10	0	1	2	0	188	2.0999999	21:11	29.2000008	0
210	Patrik Berglund	25	C	82	23	11	34	-7	32	0.409999996	4	8	0	0	5	1	153	15	15:59	23.2999992	50
211	Boone Jenner	6	C	82	18	16	34	14	52	0.409999996	0	1	2	2	4	0	211	8.5	16:03	21.7000008	50
212	Brandon Sutter	28	C	81	17	17	34	-20	12	0.419999987	4	8	0	0	1	1	160	10.6000004	18:48	25.5	54.2999992
213	Tyler Toffoli	14	C	63	16	18	34	6	22	0.540000021	4	7	0	1	2	1	165	9.69999981	16:35	21.8999996	40
214	Tobias Rieder	2	R	80	16	18	34	-8	6	0.430000007	2	6	1	2	1	1	155	10.3000002	17:18	22.7999992	30.7999992
215	Sean Couturier	22	C	66	14	20	34	12	33	0.519999981	0	2	0	1	2	0	120	11.6999998	18:26	24.7999992	55.0999985
216	Nick Holden	20	D	80	11	23	34	13	35	0.430000007	3	4	0	1	2	1	84	13.1000004	20:36	27.8999996	0
217	Matt Dumba	15	D	76	11	23	34	15	59	0.449999988	6	12	0	1	1	1	131	8.39999962	20:19	24.3999996	0
218	Kris Letang	23	D	41	5	29	34	2	32	0.829999983	2	14	0	1	2	1	122	4.0999999	25:31:00	29.3999996	0
219	Jaccob Slavin	5	D	82	5	29	34	23	12	0.409999996	0	4	1	4	0	0	99	5.0999999	23:26	26	0
220	Jason Chimera	19	L	82	20	13	33	1	40	0.400000006	0	0	1	1	2	0	121	16.5	13:03	18.7999992	47.0999985
221	Gabriel Landeskog	9	L	72	18	15	33	-25	62	0.460000008	5	6	1	1	2	1	169	10.6999998	18:46	24	49.5999985
222	Jake Guentzel	23	C	40	16	17	33	7	10	0.829999983	1	3	0	0	0	0	81	19.7999992	15:53	20.5	47.0999985
223	Christian Dvorak	2	C	78	15	18	33	7	22	0.419999987	2	5	0	0	1	0	88	17	15:37	19.7000008	46.7999992
224	Devin Shore	10	C	82	13	20	33	-4	14	0.400000006	1	6	0	0	0	0	115	11.3000002	14:08	20.2999992	47
225	Radek Faksa	10	C	80	12	21	33	-6	67	0.409999996	0	2	0	0	0	0	132	9.10000038	16:10	24.2000008	48.2999992
226	Jean-Gabriel Pageau	21	C	82	12	21	33	13	24	0.400000006	0	0	0	2	2	0	169	7.0999999	16:07	22.8999996	54.7999992
227	Jacob Trouba	29	D	60	8	25	33	4	54	0.550000012	2	4	0	1	1	0	154	5.19999981	24:57:00	28.6000004	0
228	Dmitry Orlov	30	D	82	6	27	33	30	51	0.400000006	1	6	0	0	0	0	125	4.80000019	19:32	23.3999996	0
229	Markus Granlund	28	C	69	19	13	32	-19	14	0.460000008	3	7	0	0	3	1	122	15.6000004	17:18	23.5	39.5999985
230	Dylan Larkin	11	C	80	17	15	32	-28	37	0.400000006	5	7	1	1	1	0	178	9.60000038	16:09	21.3999996	45.4000015
231	Zack Smith	21	C	74	16	16	32	6	61	0.430000007	1	1	4	4	1	0	137	11.6999998	16:22	22.1000004	52.0999985
232	Ryan Dzingel	21	L	81	14	18	32	7	30	0.400000006	1	3	1	1	1	0	123	11.3999996	14:23	19.2999992	30
233	Matt Moulson	4	L	81	14	18	32	-4	10	0.400000006	11	18	0	0	2	0	134	10.3999996	11:36	14.3000002	25
234	Leo Komarov	27	C	82	14	18	32	6	31	0.389999986	4	10	1	2	1	0	114	12.3000002	17:04	25.2000008	45
235	Andrew Ladd	19	L	78	23	8	31	-14	45	0.400000006	3	5	1	1	4	1	142	16.2000008	16:10	21.2000008	40
236	Ryan Hartman	8	L	76	19	12	31	13	70	0.409999996	1	1	0	0	4	1	170	11.1999998	12:46	17.1000004	40.2999992
237	Alexandre Burrows	21	L	75	15	16	31	3	62	0.409999996	1	1	0	1	2	0	143	10.5	14:38	21.2000008	35.7000008
238	Calle Jarnkrok	18	C	81	15	16	31	-1	25	0.379999995	2	4	1	3	1	1	134	11.1999998	15:43	23.2000008	49.4000015
239	Matt Cullen	23	C	72	13	18	31	4	30	0.430000007	2	4	2	2	2	0	93	14	13:55	21.2000008	51.2000008
240	Michael Cammalleri	17	L	61	10	21	31	-9	21	0.50999999	1	10	0	0	3	1	142	7	17:21	21	60.7000008
241	Damon Severson	17	D	80	3	28	31	-31	58	0.389999986	0	13	0	0	1	0	125	2.4000001	20:21	26.1000004	0
242	Jay Beagle	30	C	81	13	17	30	20	22	0.370000005	0	0	1	3	4	1	100	13	13:37	19.6000004	56.4000015
243	Ryan Strome	19	R	69	13	17	30	-8	40	0.430000007	2	8	0	0	2	0	114	11.3999996	14:36	18.2999992	42.7000008
244	Dion Phaneuf	21	D	81	9	21	30	-6	100	0.370000005	4	16	1	1	2	0	156	5.80000019	23:02	30.6000004	0
245	Ivan Provorov	22	D	82	6	24	30	-7	34	0.370000005	0	5	0	0	1	0	161	3.70000005	21:58	28.5	0
246	Andreas Athanasiou	11	C	64	18	11	29	-7	28	0.449999988	1	4	0	0	3	2	120	15	13:27	18.7999992	44.5999985
247	Josh Anderson	6	R	78	17	12	29	12	89	0.370000005	0	0	0	0	3	0	119	14.3000002	12:01	17.5	27.6000004
248	Adam Lowry	29	C	82	15	14	29	1	52	0.349999994	5	9	0	1	1	0	122	12.3000002	16:02	23.6000004	50.7999992
249	Craig Smith	18	R	78	12	17	29	7	30	0.370000005	2	3	0	0	1	0	155	7.69999981	13:49	19.2999992	45.9000015
250	Andrew Shaw	16	C	68	12	17	29	4	110	0.430000007	1	7	0	0	1	1	127	9.39999962	15:12	20	54.5999985
251	Derek Ryan	5	C	67	11	18	29	-8	22	0.430000007	4	8	1	1	3	0	73	15.1000004	14:53	20.3999996	55.2999992
252	Robby Fabbri	25	C	51	11	18	29	-16	27	0.569999993	4	9	0	0	0	0	91	12.1000004	15:36	21.6000004	54.2000008
253	Brendan Gallagher	16	R	64	10	19	29	7	39	0.449999988	1	3	0	0	2	0	187	5.30000019	15:05	21.1000004	40.5
254	Zdeno Chara	3	D	75	10	19	29	18	59	0.389999986	1	3	2	2	0	0	136	7.4000001	23:19	26.1000004	0
255	Joel Ward	24	R	78	10	19	29	-2	30	0.370000005	1	3	2	2	2	0	105	9.5	15:56	22.3999996	48.9000015
256	Chris Kunitz	23	L	71	9	20	29	0	36	0.409999996	0	5	0	0	3	0	134	6.69999981	15:30	21.2999992	23.1000004
257	Noah Hanifin	5	D	81	4	25	29	-19	26	0.360000014	2	11	0	0	1	1	108	3.70000005	17:55	22	0
258	Artturi Lehkonen	16	L	73	18	10	28	-1	8	0.379999995	2	4	1	1	3	0	158	11.3999996	13:51	20.3999996	50
259	Bryan Rust	23	R	57	15	13	28	4	8	0.49000001	0	0	0	1	1	1	110	13.6000004	13:38	19.7999992	40
260	Nick Ritchie	1	L	77	14	14	28	4	62	0.360000014	1	2	0	0	3	0	149	9.39999962	12:59	18.8999996	50
261	PA Parenteau	18	R	67	13	15	28	-18	35	0.419999987	4	8	0	0	2	0	123	10.6000004	14:41	19.6000004	30
262	Travis Konecny	22	C	70	11	17	28	-2	49	0.400000006	3	4	0	0	0	0	133	8.30000019	14:05	19	0
263	Jussi Jokinen	13	L	69	11	17	28	-15	39	0.409999996	4	10	1	1	2	0	118	9.30000019	17:24	23.2000008	52.0999985
264	Zach Hyman	27	C	82	10	18	28	2	30	0.340000004	0	0	4	4	3	0	156	6.4000001	16:41	23.7999992	37.9000015
265	Vladislav Namestnikov	26	C	74	10	18	28	-4	31	0.379999995	3	6	0	1	0	0	114	8.80000019	14:47	18.8999996	43.5
266	Tomas Plekanec	16	C	78	10	18	28	10	24	0.360000014	3	7	2	2	3	0	139	7.19999981	16:49	24.8999996	51.2000008
267	Jason Demers	13	D	81	9	19	28	-14	53	0.349999994	0	5	0	2	2	0	98	9.19999981	19:36	24.8999996	0
268	Antoine Vermette	1	C	72	9	19	28	-7	42	0.389999986	5	11	0	0	1	0	88	10.1999998	15:54	24.2999992	62.2999992
269	Jake Muzzin	14	D	82	9	19	28	-21	46	0.340000004	4	10	0	0	1	0	184	4.9000001	22:17	30.1000004	0
270	Jeff Petry	16	D	80	8	20	28	3	22	0.349999994	2	7	0	0	1	0	172	4.69999981	22:06	27.2000008	0
271	Nick Schmaltz	8	C	61	6	22	28	10	6	0.460000008	0	2	0	0	0	0	66	9.10000038	13:15	17.5	30.8999996
272	Marc-Edouard Vlasic	24	D	75	6	22	28	4	35	0.370000005	1	7	0	1	2	1	144	4.19999981	21:14	26.3999996	0
273	Nathan Beaulieu	16	D	74	4	24	28	8	44	0.379999995	2	12	0	0	1	0	118	3.4000001	19:28	23.5	0
274	Jimmy Vesey	20	L	80	16	11	27	-13	26	0.340000004	5	8	0	0	6	0	116	13.8000002	13:38	18.8999996	28.6000004
275	Jarome Iginla	14	R	80	14	13	27	-30	70	0.340000004	7	11	0	0	4	1	153	9.19999981	15:07	19.5	53.2999992
276	Antoine Roussel	10	L	60	12	15	27	1	115	0.449999988	0	3	0	0	3	0	82	14.6000004	15:31	23.7999992	43.7999992
277	Shane Doan	2	R	74	6	21	27	-3	48	0.360000014	3	5	0	0	0	0	144	4.19999981	15:02	18.7999992	47.2000008
278	Mark Streit	23	D	68	6	21	27	-12	28	0.400000006	1	13	0	0	2	0	114	5.30000019	18:44	24.8999996	0
279	Morgan Rielly	27	D	76	6	21	27	-20	21	0.360000014	1	5	0	0	1	1	171	3.5	22:10	30.7000008	0
280	Erik Haula	15	C	72	15	11	26	5	28	0.360000014	1	1	0	0	4	0	134	11.1999998	13:48	19.2999992	53.9000015
281	Sam Bennett	7	C	81	13	13	26	-16	75	0.319999993	4	4	0	1	0	0	122	10.6999998	14:59	19.8999996	46.0999985
282	Mikkel Boedker	24	L	81	10	16	26	0	10	0.319999993	0	1	1	1	2	0	122	8.19999981	14:20	21.1000004	27.7999992
283	Jonathan Huberdeau	13	L	31	10	16	26	-2	13	0.839999974	3	7	0	0	2	1	86	11.6000004	17:55	22.5	44.4000015
284	Scott Wilson	23	L	78	8	18	26	0	32	0.330000013	0	0	0	0	1	0	127	6.30000019	10:56	16.1000004	100
285	Ian Cole	23	D	81	5	21	26	26	72	0.319999993	0	1	0	0	1	0	89	5.5999999	19:49	26	0
286	Paul Martin	24	D	81	4	22	26	10	20	0.319999993	0	0	0	0	1	0	57	7	19:13	25	0
287	Micheal Ferland	7	L	76	15	10	25	-1	50	0.330000013	2	4	0	0	1	0	106	14.1999998	11:33	17	42.9000015
288	Bobby Ryan	21	R	62	13	12	25	-3	24	0.400000006	2	5	0	0	0	0	111	11.6999998	15:32	20	66.6999969
289	Brian Boyle	27	C	75	13	12	25	3	66	0.330000013	3	6	0	0	2	0	131	9.89999962	13:01	18.5	52.2000008
290	Troy Brouwer	7	R	74	13	12	25	-11	31	0.340000004	5	11	1	2	2	0	86	15.1000004	16:13	21.7999992	31.2999992
291	Lars Eller	30	C	81	12	13	25	15	36	0.310000002	0	1	1	1	2	0	115	10.3999996	13:54	18.5	47.0999985
292	Daniel Winnik	30	L	72	12	13	25	15	49	0.349999994	0	0	2	2	3	0	82	14.6000004	12:54	17.7999992	42.9000015
293	Dominic Moore	3	C	82	11	14	25	2	44	0.300000012	0	0	3	4	1	0	96	11.5	12:56	18.6000004	54.5999985
294	Jordan Martinook	2	L	77	11	14	25	-8	40	0.319999993	1	2	1	3	2	0	109	10.1000004	15:40	21.8999996	44.4000015
295	Casey Cizikas	19	C	59	8	17	25	9	30	0.419999987	0	1	0	0	1	0	82	9.80000019	13:54	21.2999992	49.5999985
296	William Karlsson	6	C	81	6	19	25	10	10	0.310000002	1	1	0	2	3	0	96	6.30000019	13:23	19.6000004	45.2999992
297	Calvin de Haan	19	D	82	5	20	25	15	36	0.300000012	1	2	0	0	1	0	116	4.30000019	19:50	22.7999992	0
298	Mike Ribeiro	18	C	46	4	21	25	-5	14	0.540000021	2	7	0	0	0	0	38	10.5	15:58	20.2000008	41.2000008
299	Jonas Brodin	15	D	68	3	22	25	5	20	0.370000005	2	7	0	0	2	0	85	3.5	19:34	24.8999996	0
300	Brett Ritchie	10	R	78	16	8	24	11	38	0.310000002	1	2	0	0	2	0	167	9.60000038	12:53	19	50
301	Alex Chiasson	7	R	81	12	12	24	-6	46	0.300000012	0	2	1	1	1	0	104	11.5	13:23	18.5	24.1000004
302	Trevor Lewis	14	C	82	12	12	24	-6	30	0.289999992	1	2	0	0	3	0	145	8.30000019	14:16	19.1000004	40
303	Loui Eriksson	28	L	65	11	13	24	-9	8	0.370000005	5	7	0	1	1	0	132	8.30000019	18:40	24.3999996	0
304	Anthony Beauvillier	19	C	66	9	15	24	1	10	0.360000014	0	1	0	0	2	0	101	8.89999962	13:01	17.2000008	41.4000015
305	Colton Sceviour	13	C	80	9	15	24	-16	25	0.300000012	1	3	3	4	1	0	172	5.19999981	14:38	20	53.4000015
306	Pavel Zacha	17	C	70	8	16	24	-17	19	0.340000004	5	13	0	0	2	0	83	9.60000038	14:18	18.6000004	40.2999992
307	Zack Kassian	12	R	79	7	17	24	4	101	0.300000012	0	0	0	0	0	0	110	6.4000001	12:18	17.8999996	36.4000015
308	Sven Andrighetto	9	R	46	7	17	24	1	12	0.519999981	2	4	0	0	0	0	68	10.3000002	13:58	18.3999996	70
309	Sami Vatanen	1	D	71	3	21	24	3	30	0.340000004	2	14	0	0	0	0	117	2.5999999	21:39	25.3999996	0
310	Troy Stecher	28	D	71	3	21	24	-16	25	0.340000004	1	8	0	0	0	0	125	2.4000001	19:58	24.2000008	0
311	Brett Connolly	30	R	66	15	8	23	20	40	0.349999994	1	1	0	0	3	0	81	18.5	10:41	14.6000004	28.6000004
312	Marcus Foligno	4	L	80	13	10	23	-1	73	0.289999992	0	0	1	1	0	0	97	13.3999996	15:28	19.8999996	20
313	Nikolay Kulemin	19	L	72	12	11	23	3	18	0.319999993	1	2	1	2	4	0	74	16.2000008	13:49	20.3999996	51.7999992
314	Chris Tierney	24	C	80	11	12	23	0	6	0.289999992	1	1	1	2	2	0	90	12.1999998	14:36	21.5	48.5
315	Mikhail Grigorenko	9	C	75	10	13	23	-14	18	0.310000002	0	4	0	0	0	0	85	11.8000002	14:05	19.1000004	57.7999992
316	Tom Pyatt	21	L	82	9	14	23	9	16	0.280000001	0	0	0	2	1	0	95	9.5	15:37	22.2999992	42.9000015
317	Matt Stajan	7	C	81	6	17	23	3	40	0.280000001	0	0	0	2	3	0	59	10.1999998	12:40	18.2000008	50.0999985
318	Johnny Boychuk	19	D	66	6	17	23	11	19	0.349999994	1	4	1	2	2	0	155	3.9000001	20:43	23.8999996	100
319	Radko Gudas	22	D	67	6	17	23	8	93	0.340000004	0	1	0	0	0	0	113	5.30000019	19:17	26	0
320	David Savard	6	D	74	6	17	23	33	44	0.310000002	0	0	0	2	0	0	135	4.4000001	21:50	27.7999992	0
321	Jack Johnson	6	D	82	5	18	23	23	32	0.280000001	1	2	0	1	1	0	116	4.30000019	21:49	28	100
322	Mattias Ekholm	18	D	82	3	20	23	4	34	0.280000001	0	3	0	1	1	0	120	2.5	23:27	28.3999996	0
323	John Moore	17	D	63	12	10	22	-7	39	0.349999994	1	3	0	0	1	1	102	11.8000002	18:58	26.6000004	0
324	Melker Karlsson	24	C	67	11	11	22	7	22	0.330000013	0	0	2	2	1	0	73	15.1000004	12:48	20	16.7000008
325	Tomas Hertl	24	C	49	10	12	22	-8	14	0.449999988	1	2	0	0	4	0	100	10	17:13	23.8999996	51.7000008
326	Jori Lehtera	25	C	64	7	15	22	-6	34	0.340000004	0	3	0	0	1	0	67	10.3999996	15:10	22.2999992	49.2000008
327	Nic Dowd	14	C	70	6	16	22	-15	25	0.310000002	1	8	0	0	2	1	78	7.69999981	12:27	17.6000004	47.7999992
328	Carl Hagelin	23	L	61	6	16	22	10	16	0.360000014	0	0	0	1	2	0	128	4.69999981	15:29	21.8999996	50
329	Anton Stralman	26	D	73	5	17	22	1	20	0.300000012	1	7	0	0	0	0	130	3.79999995	22:54	26.8999996	0
330	Dennis Seidenberg	19	D	73	5	17	22	25	32	0.300000012	0	0	0	0	0	0	89	5.5999999	19:25	22.1000004	0
331	Brendan Perlini	2	L	57	14	7	21	-4	20	0.370000005	3	5	0	0	2	0	92	15.1999998	14:50	18.1000004	50
332	Chris Stewart	15	R	79	13	8	21	3	94	0.270000011	0	2	0	0	0	0	82	15.8999996	10:23	14.3000002	18.2000008
333	Aaron Ekblad	13	D	68	10	11	21	-23	58	0.310000002	4	8	1	1	2	1	225	4.4000001	21:27	23.7999992	0
334	Marian Gaborik	14	R	56	10	11	21	-4	18	0.379999995	3	5	0	0	3	0	123	8.10000038	14:47	19.1000004	0
335	Drew Stafford	3	R	58	8	13	21	6	24	0.360000014	3	4	0	0	3	0	109	7.30000019	13:36	18.2999992	31.7999992
336	Justin Abdelkader	11	L	64	7	14	21	-20	50	0.330000013	5	7	0	1	1	1	104	6.69999981	16:39	21.7999992	29.3999996
337	Jesper Fast	20	R	68	6	15	21	6	16	0.310000002	0	0	0	0	1	0	56	10.6999998	13:47	20.7000008	38.5999985
338	Alexander Edler	28	D	68	6	15	21	-20	36	0.310000002	2	4	0	0	0	0	138	4.30000019	24:18:00	28.3999996	66.6999969
339	Steven Stamkos	26	C	17	9	11	20	3	14	1.17999995	3	7	0	0	1	0	58	15.5	17:52	21.5	53.5
340	Oscar Lindberg	20	C	65	8	12	20	2	32	0.310000002	0	1	0	0	1	0	86	9.30000019	10:49	16.3999996	52
341	Lauri Korpikoski	6	L	69	8	12	20	5	10	0.289999992	0	0	0	1	0	0	108	7.4000001	12:24	19.2000008	0
342	Kevin Labanc	24	R	55	8	12	20	9	22	0.360000014	0	2	0	0	2	1	70	11.3999996	13:40	19.2000008	50
343	Blake Comeau	9	L	77	8	12	20	-19	58	0.25999999	2	2	1	1	1	0	103	7.80000019	14:59	20.6000004	46.2999992
344	Jannik Hansen	24	R	43	8	12	20	2	34	0.469999999	0	0	0	0	1	0	73	11	16:03	22.7000008	0
345	Pavel Buchnevich	20	R	41	8	12	20	6	13	0.49000001	1	3	0	0	0	0	55	14.5	13:15	18.8999996	14.3000002
346	Jakob Chychrun	2	D	68	7	13	20	-14	47	0.289999992	1	2	0	0	0	0	86	8.10000038	16:40	21.6000004	0
347	Hampus Lindholm	1	D	66	6	14	20	13	36	0.300000012	1	5	0	0	2	0	94	6.4000001	22:26	27.1000004	100
348	Josh Morrissey	29	D	82	6	14	20	6	38	0.239999995	1	1	0	0	3	0	99	6.0999999	19:29	25.2000008	0
349	Cal Clutterbuck	19	R	66	5	15	20	2	28	0.300000012	0	1	0	0	1	0	115	4.30000019	13:59	21.1000004	37.5
350	Thomas Hickey	19	D	76	4	16	20	-1	35	0.25999999	0	3	0	0	2	2	87	4.5999999	17:31	21.7000008	0
351	Jake McCabe	4	D	76	3	17	20	-7	26	0.25999999	1	4	0	0	1	0	79	3.79999995	20:42	26.7999992	0
352	Brett Pesce	5	D	82	2	18	20	23	20	0.239999995	0	2	0	0	0	0	109	1.79999995	21:12	25.1000004	0
353	Joel Armia	29	R	57	10	9	19	-8	20	0.330000013	0	2	4	4	1	0	111	9	15:08	21.5	42.9000015
354	Matt Read	22	R	63	10	9	19	3	8	0.300000012	2	2	1	1	2	0	92	10.8999996	13:47	19.2999992	33.2999992
355	Beau Bennett	17	R	65	8	11	19	-3	20	0.289999992	1	2	0	0	1	0	101	7.9000001	13:33	17.7000008	18.7999992
356	Tom Wilson	30	R	82	7	12	19	9	133	0.230000004	0	0	0	0	0	0	95	7.4000001	12:55	17.7000008	30
357	Ben Hutton	28	D	71	5	14	19	-22	31	0.270000011	2	11	0	0	1	1	130	3.79999995	20:29	25.1000004	0
358	Trevor Daley	23	D	56	5	14	19	7	37	0.340000004	1	4	0	1	0	0	84	5.9000001	20:22	28.2000008	0
359	Adam Larsson	12	D	79	4	15	19	21	55	0.239999995	0	0	0	0	0	0	85	4.69999981	20:08	26	0
360	Cody Franson	4	D	68	3	16	19	-5	34	0.280000001	1	2	0	0	0	0	93	3.20000005	18:28	24.2000008	0
361	Matt Hunwick	27	D	72	1	18	19	8	18	0.25999999	0	0	0	0	0	0	73	1.39999998	17:58	24.6000004	0
362	Rene Bourque	9	R	65	12	6	18	-19	56	0.280000001	2	2	0	0	2	1	111	10.8000002	13:56	18.8999996	0
363	Frank Vatrano	3	C	44	10	8	18	-3	14	0.409999996	4	5	0	0	1	0	116	8.60000038	13:28	18.6000004	28.6000004
364	Scottie Upshall	25	R	73	10	8	18	-1	45	0.25	0	0	2	2	1	0	85	11.8000002	10:59	17.7999992	25
365	Patrick Sharp	10	L	48	8	10	18	-22	31	0.379999995	1	1	1	1	0	0	146	5.5	15:56	22.3999996	47.5
366	Brandon Pirri	20	R	60	8	10	18	-8	25	0.300000012	5	9	0	0	3	0	96	8.30000019	12:16	16.7999992	57.5999985
367	Drake Caggiula	12	L	60	7	11	18	3	16	0.300000012	2	5	0	1	2	0	93	7.5	13:14	18.2000008	41.2000008
368	Esa Lindell	10	D	73	6	12	18	8	22	0.25	0	2	0	0	2	1	99	6.0999999	21:52	27.1000004	0
369	Michael Del Zotto	22	D	51	6	12	18	-5	28	0.349999994	0	1	0	1	0	0	92	6.5	19:30	25.7999992	0
370	Francois Beauchemin	9	D	81	5	13	18	-14	32	0.219999999	0	3	0	0	1	0	132	3.79999995	21:30	26.6000004	0
371	Niklas Hjalmarsson	8	D	73	5	13	18	12	20	0.25	0	0	0	1	0	0	61	8.19999981	21:29	28.2000008	0
372	Dennis Wideman	7	D	57	5	13	18	-6	32	0.319999993	2	5	0	0	1	0	87	5.69999981	20:13	26.2999992	0
373	Alan Quine	19	C	61	5	13	18	-2	8	0.300000012	2	3	0	0	1	0	82	6.0999999	12:31	17.3999996	48
374	Shane Prince	19	L	50	5	13	18	-9	18	0.360000014	1	3	0	0	2	0	71	7	12:58	17.2000008	57.0999985
375	David Schlemko	24	D	62	2	16	18	4	14	0.289999992	1	3	0	0	1	1	118	1.70000005	16:44	22.3999996	0
376	Andrew MacDonald	22	D	73	2	16	18	-5	26	0.25	0	0	0	1	0	0	65	3.0999999	20:06	26.7000008	0
377	Derek Forbort	14	D	82	2	16	18	8	54	0.219999999	0	0	0	1	0	0	100	2	20:06	27.1000004	100
378	Andrew Copp	29	C	64	9	8	17	8	18	0.270000011	0	0	1	1	1	0	77	11.6999998	12:20	18.7000008	49.5
379	Jamie McGinn	2	L	72	9	8	17	-23	23	0.239999995	0	2	0	0	2	0	116	7.80000019	13:10	17.7999992	33.2999992
380	Darren Helm	11	C	50	8	9	17	-6	20	0.340000004	2	4	0	1	1	0	98	8.19999981	15:22	21.7999992	51.4000015
381	Miles Wood	17	L	60	8	9	17	-21	86	0.280000001	2	4	0	0	0	0	105	7.5999999	12:51	17.2999992	50
382	Torrey Mitchell	16	C	78	8	9	17	5	38	0.219999999	0	0	0	0	1	0	68	11.8000002	12:36	19.7999992	54.5
383	Michael Matheson	13	D	81	7	10	17	-5	36	0.209999993	0	1	0	1	0	0	179	3.9000001	21:03	24.1000004	100
384	Riley Nash	3	C	81	7	10	17	-1	14	0.209999993	0	0	1	3	2	0	125	5.5999999	13:48	19.6000004	49.0999985
385	Joonas Donskoi	24	R	61	6	11	17	-5	10	0.280000001	1	4	0	0	0	0	95	6.30000019	13:48	19.7000008	50
386	Nick Shore	14	C	70	6	11	17	-2	20	0.239999995	0	0	1	1	1	0	79	7.5999999	12:47	18	50.2000008
387	Brian Campbell	8	D	80	5	12	17	12	24	0.209999993	2	5	0	0	1	0	74	6.80000019	18:25	23.7000008	0
388	Chris Wideman	21	D	76	5	12	17	7	46	0.219999999	1	5	0	0	1	0	123	4.0999999	13:57	21	0
389	Marcus Kruger	8	C	70	5	12	17	7	34	0.239999995	0	0	0	0	0	0	83	6	14:01	21.7999992	49.0999985
390	Austin Watson	18	L	77	5	12	17	14	99	0.219999999	0	0	0	1	0	0	90	5.5999999	12:25	17.8999996	40.5
391	Josh Manson	1	D	82	5	12	17	14	82	0.209999993	0	0	1	2	1	0	88	5.69999981	18:37	23.2999992	0
392	Ron Hainsey	23	D	72	4	13	17	-8	21	0.239999995	0	0	1	3	1	1	71	5.5999999	22:01	26.7000008	0
393	Nikita Nesterov	16	D	48	4	13	17	0	24	0.349999994	1	2	0	0	0	0	63	6.30000019	16:17	20	0
394	Jordie Benn	16	D	71	4	13	17	-4	28	0.239999995	0	2	0	1	1	0	68	5.9000001	18:17	25.5	0
395	Mark Pysyk	13	D	82	4	13	17	0	10	0.209999993	0	0	0	0	0	0	86	4.69999981	18:33	23.1000004	0
396	Nate Schmidt	30	D	60	3	14	17	22	16	0.280000001	0	0	0	1	0	0	60	5	15:28	19.7999992	0
397	Connor Murphy	2	D	77	2	15	17	-13	45	0.219999999	0	0	1	1	1	1	81	2.5	19:10	25.6000004	0
398	Erik Johnson	9	D	46	2	15	17	-6	9	0.370000005	0	6	0	0	1	1	96	2.0999999	22:04	29.3999996	0
399	Cody Ceci	21	D	79	2	15	17	-11	20	0.219999999	0	1	0	2	0	0	143	1.39999998	23:12	30.6000004	100
400	Kevin Fiala	18	L	54	11	5	16	1	18	0.300000012	0	0	0	0	1	0	114	9.60000038	13:30	18.7999992	0
401	Viktor Stalberg	21	L	75	11	5	16	-9	41	0.209999993	1	2	2	2	2	0	101	10.8999996	12:12	18.2000008	0
402	Adam Cracknell	10	R	69	10	6	16	9	12	0.230000004	0	0	1	1	2	0	87	11.5	10:27	15.8000002	45.7999992
403	Ryan White	15	C	65	9	7	16	-16	84	0.25	0	0	0	0	1	0	60	15	10:39	14.6000004	42.9000015
404	Dwight King	16	L	80	9	7	16	-2	12	0.200000003	0	0	0	0	1	0	110	8.19999981	14:24	19	25
405	Brock McGinn	5	L	57	7	9	16	-11	6	0.280000001	0	0	0	1	1	0	74	9.5	11:59	17.7999992	25
406	Zemgus Girgensons	4	C	75	7	9	16	-7	18	0.209999993	0	0	0	0	0	0	112	6.30000019	13:09	18.2000008	47.2000008
407	Tanner Kero	8	C	47	6	10	16	15	8	0.340000004	0	0	0	0	0	0	60	10	13:29	19	44.4000015
408	Curtis McKenzie	10	L	53	6	10	16	5	72	0.300000012	0	0	0	0	3	0	66	9.10000038	10:51	16.2999992	50
409	Brandon Carlo	3	D	82	6	10	16	9	59	0.200000003	0	0	1	1	0	0	88	6.80000019	20:48	25.3999996	0
410	Derek MacKenzie	13	C	82	6	10	16	-7	50	0.200000003	0	0	2	5	1	0	91	6.5999999	12:33	19	50
411	Nick Cousins	22	C	60	6	10	16	-6	31	0.270000011	1	2	0	0	0	0	99	6.0999999	12:00	16.7999992	41
412	Trevor van Riemsdyk	8	D	58	5	11	16	17	29	0.280000001	0	0	0	0	2	0	73	6.80000019	18:24	24	0
413	Alexander Burmistrov	2	C	49	5	11	16	-7	12	0.330000013	4	5	0	1	0	0	45	11.1000004	13:21	17	40.7000008
414	Tom Kuhnhackl	23	R	57	4	12	16	8	18	0.280000001	0	0	1	2	0	0	49	8.19999981	10:39	17	50
415	Deryk Engelland	7	D	81	4	12	16	2	85	0.200000003	0	0	0	0	2	0	107	3.70000005	18:19	24	100
416	Dan Hamhuis	10	D	79	1	15	16	-7	23	0.200000003	1	1	0	2	0	0	83	1.20000005	19:21	25.7999992	0
417	Matt Calvert	6	L	65	10	5	15	-4	48	0.230000004	0	0	3	4	1	0	92	10.8999996	13:20	18.8999996	12.5
418	Kyle Brodziak	25	C	69	8	7	15	2	27	0.219999999	0	0	0	0	2	0	55	14.5	11:12	18	49.5
419	Dale Weise	22	R	64	8	7	15	1	39	0.230000004	1	2	0	0	2	0	94	8.5	12:52	17.5	100
420	Chris VandeVelde	22	C	81	6	9	15	-5	16	0.189999998	0	0	0	0	0	0	69	8.69999981	11:33	16.8999996	52.4000015
421	Kyle Quincey	6	D	73	6	9	15	4	51	0.209999993	0	0	0	0	0	0	79	7.5999999	17:53	24.6000004	0
422	Ondrej Kase	1	R	53	5	10	15	-1	18	0.280000001	0	0	0	0	2	1	77	6.5	11:47	17.6000004	14.3000002
423	Anthony Duclair	2	L	58	5	10	15	-7	14	0.25999999	0	2	0	0	1	0	76	6.5999999	13:17	18.1000004	50
424	Dan Girardi	20	D	63	4	11	15	8	16	0.239999995	0	0	1	2	3	0	56	7.0999999	19:06	26.5	0
425	Matt Benning	12	D	62	3	12	15	8	29	0.239999995	1	3	0	0	0	0	69	4.30000019	16:36	22.6000004	0
426	Michael Stone	7	D	64	3	12	15	0	32	0.230000004	1	5	0	0	0	0	81	3.70000005	19:49	26.6000004	100
427	Joel Edmundson	25	D	69	3	12	15	11	60	0.219999999	0	0	0	0	1	0	81	3.70000005	17:46	25.7999992	0
428	Brian Dumoulin	23	D	70	1	14	15	0	14	0.209999993	0	4	0	0	0	0	78	1.29999995	20:32	28	0
429	Jay Bouwmeester	25	D	81	1	14	15	6	28	0.189999998	0	1	0	0	0	0	106	0.899999976	22:24	29.2000008	0
430	Benoit Pouliot	12	L	67	8	6	14	-5	34	0.209999993	0	0	0	0	1	0	77	10.3999996	14:03	20.2999992	25
431	Nick Bjugstad	13	C	54	7	7	14	-19	22	0.25999999	1	3	0	0	1	0	91	7.69999981	13:09	18.2000008	47.5999985
432	Tim Schaller	3	C	59	7	7	14	-6	23	0.239999995	0	0	0	0	2	0	89	7.9000001	12:16	17.5	49.0999985
433	Vinnie Hinostroza	8	L	49	6	8	14	-1	17	0.289999992	0	0	0	0	2	0	76	7.9000001	11:58	15.6000004	39.7999992
434	Carl Soderberg	9	C	80	6	8	14	-26	22	0.180000007	1	2	0	0	0	0	128	4.69999981	13:26	18.3999996	52
435	David Desharnais	12	C	49	6	8	14	4	12	0.289999992	0	2	0	0	1	0	46	13	12:27	17.6000004	51.2000008
436	Anthony DeAngelo	2	D	39	5	9	14	-13	37	0.360000014	2	8	0	0	1	0	60	8.30000019	17:05	20.8999996	0
437	Matt Irwin	18	D	74	3	11	14	15	26	0.189999998	0	0	0	2	1	0	98	3.0999999	16:16	22.1000004	0
438	Luke Glendening	11	C	74	3	11	14	-10	26	0.189999998	0	1	0	0	0	0	76	3.9000001	12:54	19.7000008	54
439	Andrej Sustr	26	D	80	3	11	14	-10	43	0.180000007	0	0	0	0	1	0	93	3.20000005	17:35	22.7000008	0
440	Kevin Bieksa	1	D	81	3	11	14	0	63	0.170000002	1	3	0	0	1	0	94	3.20000005	18:45	22.2000008	0
441	Kevin Klein	20	D	60	3	11	14	5	31	0.230000004	0	1	0	1	0	0	54	5.5999999	17:38	24	0
442	Travis Hamonic	19	D	49	3	11	14	-21	60	0.289999992	0	1	0	0	0	0	74	4.0999999	20:27	22.7000008	0
443	Paul Postma	29	D	65	1	13	14	3	15	0.219999999	0	0	0	0	0	0	50	2	10:51	15.3000002	0
444	Alex Petrovic	13	D	49	1	13	14	-1	79	0.289999992	0	0	0	0	0	0	55	1.79999995	18:09	21.5	0
445	Toby Enstrom	29	D	60	1	13	14	-7	42	0.230000004	0	6	1	1	0	0	46	2.20000005	21:54	27.3999996	0
446	Brooks Orpik	30	D	79	0	14	14	32	48	0.180000007	0	0	0	0	0	0	93	0	17:47	22.1000004	0
447	Magnus Paajarvi	25	L	32	8	5	13	9	6	0.409999996	1	1	0	0	3	0	51	15.6999998	12:09	18.2000008	33.2999992
448	Matt Nieto	9	L	59	7	6	13	-12	8	0.219999999	0	0	0	1	1	0	85	8.19999981	14:55	20.6000004	33.2999992
449	Lukas Sedlak	6	C	62	7	6	13	10	25	0.209999993	0	0	1	1	0	0	57	12.3000002	9:43	14.3999996	52.4000015
450	Ryan Reaves	25	R	80	7	6	13	4	104	0.159999996	0	0	0	0	1	0	58	12.1000004	8:53	13.5	0
451	Jordan Schroeder	15	C	37	6	7	13	5	0	0.349999994	0	0	0	0	0	0	37	16.2000008	9:46	13.1000004	47.5
452	Oliver Bjorkstrand	6	R	26	6	7	13	4	6	0.5	0	0	0	0	2	0	55	10.8999996	14:05	18.6000004	100
453	Colin Miller	3	D	61	6	7	13	0	55	0.209999993	1	2	0	0	0	0	85	7	15:48	21.2000008	0
454	Tyler Ennis	4	L	51	5	8	13	-10	12	0.25	0	3	0	0	1	0	89	5.5999999	12:50	15.8999996	18.7999992
455	Austin Czarnik	3	C	49	5	8	13	-10	12	0.270000011	0	3	0	0	1	0	66	7.5999999	13:00	18.6000004	42.9000015
456	Nick Jensen	11	D	49	4	9	13	-7	12	0.270000011	0	0	0	1	0	0	59	6.80000019	17:45	23.7999992	0
457	Justin Braun	24	D	81	4	9	13	1	28	0.159999996	0	0	0	2	0	0	95	4.19999981	20:04	26	0
458	Andy Greene	17	D	66	4	9	13	-16	8	0.200000003	1	4	1	1	1	1	83	4.80000019	21:56	28.3999996	0
459	Marco Scandella	15	D	71	4	9	13	-2	25	0.180000007	0	0	0	0	0	0	88	4.5	18:20	23.6000004	0
460	Karl Alzner	30	D	82	3	10	13	23	28	0.159999996	0	0	0	0	0	0	81	3.70000005	19:47	25.5	0
461	Kevan Miller	3	D	58	3	10	13	1	50	0.219999999	0	0	0	1	1	0	49	6.0999999	17:47	23.2999992	0
462	Luca Sbisa	28	D	82	2	11	13	-1	40	0.159999996	0	0	0	0	1	0	75	2.70000005	18:58	24.5	0
463	Niklas Kronwall	11	D	57	2	11	13	-7	32	0.230000004	0	6	0	0	0	0	67	3	19:27	25.7000008	0
464	Mark Barberio	9	D	60	2	11	13	-5	14	0.219999999	1	4	0	0	0	0	80	2.5	18:15	22.2000008	0
465	Riley Sheahan	11	C	80	2	11	13	-29	14	0.159999996	1	3	0	0	0	0	109	1.79999995	13:58	19.7000008	50.5999985
466	Kris Russell	12	D	68	1	12	13	5	23	0.189999998	0	1	0	0	1	0	68	1.5	21:13	27.3999996	0
467	Fedor Tyutin	9	D	69	1	12	13	-25	38	0.189999998	0	0	0	0	0	0	46	2.20000005	18:56	25.5	0
468	Nic Petan	29	L	54	1	12	13	-13	12	0.239999995	0	8	0	0	0	0	57	1.79999995	10:54	14.8999996	46
469	Shawn Matthias	29	L	45	8	4	12	0	13	0.270000011	0	0	1	1	1	0	51	15.6999998	13:33	19.6000004	31.2999992
470	Jordan Weal	22	C	23	8	4	12	5	10	0.519999981	1	1	0	0	1	0	49	16.2999992	14:18	19.7000008	50
471	Joakim Nordstrom	5	L	82	7	5	12	-12	17	0.150000006	0	0	1	1	2	0	104	6.69999981	12:43	19.1000004	31
472	Tommy Wingels	21	C	73	7	5	12	-11	27	0.159999996	0	0	0	0	2	0	81	8.60000038	10:30	15.8000002	42.7000008
473	Kyle Clifford	14	L	73	6	6	12	-2	92	0.159999996	0	0	0	0	0	0	122	4.9000001	10:43	15.1000004	40
474	Braydon Coburn	26	D	80	5	7	12	-1	50	0.150000006	0	0	1	1	0	0	102	4.9000001	16:44	22	0
475	Peter Holland	2	C	48	5	7	12	-16	22	0.25	1	1	0	0	0	0	79	6.30000019	12:45	16.5	45.4000015
476	Lawson Crouse	2	L	72	5	7	12	-20	48	0.170000002	0	0	1	1	2	0	84	5.9000001	11:53	16.7999992	50
477	Chris Kelly	21	C	82	5	7	12	-17	23	0.150000006	0	0	1	1	2	0	85	5.9000001	11:56	17.6000004	44.5
478	Ivan Barbashev	25	C	30	5	7	12	5	2	0.400000006	0	0	0	0	1	0	20	25	11:47	16.2999992	40.0999985
479	Danny DeKeyser	11	D	82	4	8	12	-22	33	0.150000006	0	0	0	0	2	1	85	4.69999981	21:56	28.6000004	0
480	Patrick Wiercioch	9	D	57	4	8	12	-18	23	0.209999993	0	0	0	0	0	0	63	6.30000019	16:39	22.6000004	0
481	Devin Setoguchi	14	R	45	4	8	12	-5	14	0.270000011	0	1	0	0	0	0	60	6.69999981	12:26	17.3999996	50
482	Josh Jooris	2	R	54	4	8	12	-2	16	0.219999999	0	0	0	1	0	0	75	5.30000019	12:11	17.6000004	49.2999992
483	Cody Eakin	10	C	60	3	9	12	-7	49	0.200000003	0	2	0	0	1	0	82	3.70000005	16:48	24.5	52.2999992
484	Xavier Ouellet	11	D	66	3	9	12	2	51	0.180000007	0	0	0	0	0	0	89	3.4000001	17:58	23	0
485	Brandon Manning	22	D	65	3	9	12	-12	83	0.180000007	0	0	1	1	1	0	84	3.5999999	18:03	25.5	0
486	Ben Chiarot	29	D	59	2	10	12	2	33	0.200000003	0	0	0	0	0	0	49	4.0999999	15:19	19.7999992	0
487	Micheal Haley	24	C	58	2	10	12	6	128	0.209999993	0	0	0	0	1	0	37	5.4000001	9:10	13.8999996	44.2999992
488	Marc Methot	21	D	68	0	12	12	13	24	0.180000007	0	0	0	0	0	0	69	0	19:49	27.6000004	0
489	Tyler Pitlick	12	R	31	8	3	11	0	6	0.349999994	0	0	0	0	1	0	54	14.8000002	9:55	14.6999998	53.2999992
490	Michael Raffl	22	L	52	8	3	11	-7	20	0.209999993	0	0	0	0	3	0	63	12.6999998	13:15	19	30
491	Johan Larsson	4	C	36	6	5	11	-7	20	0.310000002	1	1	0	0	2	0	49	12.1999998	16:51	21.2000008	49
492	Eric Fehr	27	C	53	6	5	11	2	14	0.209999993	0	0	0	0	3	0	62	9.69999981	10:55	16.8999996	51.2999992
493	Darnell Nurse	12	D	44	5	6	11	0	33	0.25	0	0	0	0	0	0	85	5.9000001	17:01	21.8999996	0
494	Roman Polak	27	D	75	4	7	11	10	65	0.150000006	0	0	0	0	1	0	64	6.30000019	17:55	24.2000008	0
495	Marko Dano	29	C	38	4	7	11	0	10	0.289999992	2	2	0	0	0	0	44	9.10000038	10:41	15.5	25
496	Fredrik Claesson	21	D	33	3	8	11	5	4	0.330000013	0	0	0	1	0	0	25	12	13:08	18.6000004	0
497	Jiri Hudler	10	R	32	3	8	11	-3	4	0.340000004	1	1	0	0	1	0	27	11.1000004	11:51	17.2999992	60
498	Zach Bogosian	4	D	56	2	9	11	-17	46	0.200000003	0	1	0	0	1	1	73	2.70000005	20:05	25.3999996	0
499	Ryan Murray	6	D	60	2	9	11	3	24	0.180000007	0	1	0	1	0	0	52	3.79999995	18:19	24.3999996	0
500	Adam Clendening	20	D	31	2	9	11	3	17	0.349999994	1	2	0	0	0	0	38	5.30000019	15:48	21.2000008	0
501	Dmitrij Jaskin	25	R	51	1	10	11	5	18	0.219999999	0	0	0	0	0	0	55	1.79999995	11:33	16.2999992	50
502	Jake Dotchin	26	D	35	0	11	11	10	35	0.310000002	0	0	0	0	0	0	50	0	18:25	23.2000008	0
503	Stefan Noesen	17	R	44	8	2	10	6	24	0.230000004	0	0	0	0	0	0	63	12.6999998	11:07	15.8999996	38.7999992
504	Colton Sissons	18	C	58	8	2	10	11	12	0.170000002	0	0	1	1	1	0	42	19	11:07	16.8999996	50
505	Brian Flynn	16	C	51	6	4	10	2	4	0.200000003	0	0	0	0	0	0	47	12.8000002	12:03	18.8999996	46.2999992
506	Reid Boucher	28	C	39	6	4	10	-6	8	0.25999999	1	1	0	0	0	0	70	8.60000038	11:55	15.8999996	0
507	Denis Malgin	13	C	47	6	4	10	-5	8	0.209999993	2	2	0	0	1	1	67	9	11:14	15.3000002	36.4000015
508	Cedric Paquette	26	C	58	4	6	10	-6	80	0.170000002	0	0	0	0	0	0	68	5.9000001	11:31	16.3999996	46.0999985
509	Joshua Ho-Sang	19	R	21	4	6	10	1	12	0.479999989	1	2	0	0	0	0	22	18.2000008	16:27	18.7999992	0
510	Joseph Cramarossa	28	C	59	4	6	10	0	60	0.170000002	0	0	0	2	1	0	36	11.1000004	9:56	14.8999996	85.6999969
511	Anton Slepyshev	12	L	41	4	6	10	5	4	0.239999995	0	0	0	0	0	0	55	7.30000019	11:06	15.5	40
512	Stephen Johns	10	D	61	4	6	10	-10	36	0.159999996	0	1	0	0	1	0	91	4.4000001	18:15	24.5	0
513	Logan Shaw	1	C	55	3	7	10	3	10	0.180000007	0	0	1	2	1	0	59	5.0999999	9:42	15.3999996	37.9000015
514	Marc Staal	20	D	72	3	7	10	9	34	0.140000001	0	0	0	1	0	0	70	4.30000019	19:10	26.5	0
515	Adam Pelech	19	D	44	3	7	10	-5	6	0.230000004	0	0	0	0	0	0	40	7.5	16:50	19.7000008	0
516	Brenden Dillon	24	D	81	2	8	10	-2	60	0.119999997	0	0	0	0	0	0	86	2.29999995	16:28	22.2000008	0
517	Josh Leivo	27	L	13	2	8	10	2	4	0.769999981	1	3	0	0	0	0	27	7.4000001	12:34	18.8999996	50
518	Adam McQuaid	3	D	77	2	8	10	4	71	0.129999995	0	0	0	1	1	0	64	3.0999999	18:14	25.1000004	0
519	Chad Ruhwedel	23	D	34	2	8	10	9	8	0.289999992	0	3	0	0	0	0	45	4.4000001	17:20	23.7000008	0
520	Alexei Emelin	16	D	76	2	8	10	1	71	0.129999995	0	0	0	0	0	0	82	2.4000001	21:19	26.1000004	0
521	Christopher Tanev	28	D	53	2	8	10	3	14	0.189999998	0	0	0	0	1	1	39	5.0999999	20:20	27.1000004	0
522	Jacob Josefson	17	C	38	1	9	10	-1	16	0.25999999	0	1	0	0	1	0	44	2.29999995	12:14	16.8999996	51.7000008
523	Nikita Zadorov	9	D	56	0	10	10	-20	73	0.180000007	0	2	0	0	0	0	61	0	19:02	25.6000004	0
524	Tyler Graovac	15	C	52	7	2	9	7	10	0.170000002	0	0	0	0	2	0	48	14.6000004	9:50	14.1999998	47.5
525	Matt Puempel	20	L	40	6	3	9	-11	11	0.230000004	3	3	0	0	1	0	44	13.6000004	9:38	14.6000004	0
526	Jack Skille	28	R	55	5	4	9	0	12	0.159999996	0	0	0	0	0	0	73	6.80000019	8:47	13.3000002	100
527	Brad Richardson	2	R	16	5	4	9	-1	15	0.560000002	0	0	2	3	0	0	25	20	15:20	21.2000008	52.5999985
528	Matt Martin	27	L	82	5	4	9	0	123	0.109999999	0	0	0	0	0	0	66	7.5999999	8:53	13.6000004	0
529	Nikita Soshnikov	27	R	56	5	4	9	1	16	0.159999996	0	1	0	0	0	0	70	7.0999999	10:50	16.7000008	11.8000002
530	Michael Chaput	28	C	68	4	5	9	-12	29	0.129999995	0	0	0	0	0	0	64	6.30000019	11:01	16.3999996	52.7000008
531	Devante Smith-Pelly	17	R	53	4	5	9	-19	12	0.170000002	0	2	0	0	0	0	76	5.30000019	13:30	18.3999996	40.7999992
532	Joseph Blandisi	17	L	27	3	6	9	-10	26	0.330000013	1	5	0	0	2	1	24	12.5	13:21	18.1000004	45
533	Brendan Smith	20	D	51	3	6	9	1	63	0.180000007	1	3	0	0	1	0	62	4.80000019	19:14	25.8999996	0
534	Nail Yakupov	25	R	40	3	6	9	-3	14	0.230000004	0	0	0	0	0	0	35	8.60000038	10:38	15.3999996	0
535	Scott Mayfield	19	D	25	2	7	9	-1	35	0.360000014	0	0	0	0	0	0	39	5.0999999	14:08	17.2000008	0
536	Michael Sgarbossa	13	C	38	2	7	9	-5	9	0.239999995	1	2	0	0	0	0	33	6.0999999	11:09	16.5	43.9000015
537	Daniel Carr	16	L	33	2	7	9	4	6	0.270000011	0	0	0	0	1	0	44	4.5	10:15	15.5	66.6999969
538	Shea Theodore	1	D	34	2	7	9	-6	28	0.25999999	1	2	0	1	1	1	60	3.29999995	17:18	21.7000008	0
539	Johnny Oduya	8	D	52	2	7	9	-4	18	0.170000002	0	0	0	0	0	0	37	5.4000001	18:16	25.6000004	0
540	Nikita Tryamkin	28	D	66	2	7	9	-7	64	0.140000001	0	0	0	0	0	0	65	3.0999999	16:44	23	0
541	Jonathan Ericsson	11	D	51	1	8	9	-2	63	0.180000007	0	0	0	0	0	0	43	2.29999995	19:13	26.2000008	0
542	Greg Pateryn	10	D	36	1	8	9	-1	10	0.25	0	0	0	0	0	0	42	2.4000001	15:25	20	0
543	Jason Garrison	26	D	70	1	8	9	-8	14	0.129999995	0	0	0	0	0	0	96	1	18:33	24.1000004	0
544	Yanni Gourde	26	C	20	6	2	8	-1	8	0.400000006	0	0	1	1	1	1	30	20	15:22	21.1000004	36.7999992
545	Jay McClement	5	C	65	5	3	8	-8	18	0.119999997	0	0	1	1	1	0	37	13.5	11:22	17.2000008	48.2000008
546	William Carrier	4	L	41	5	3	8	-1	21	0.200000003	0	0	0	0	1	0	50	10	9:00	14.1999998	50
547	Jayson Megna	28	C	58	4	4	8	-4	6	0.140000001	0	1	0	0	0	0	72	5.5999999	12:26	17.5	12.5
548	Joe Colborne	9	C	62	4	4	8	-21	34	0.129999995	2	3	0	0	0	0	48	8.30000019	10:41	15.1999998	38.5
549	Zach Sanford	25	L	39	4	4	8	2	10	0.209999993	0	0	0	0	2	0	36	11.1000004	10:50	15.3999996	43.5999985
550	Pierre-Edouard Bellemare	22	L	82	4	4	8	-1	20	0.100000001	0	0	0	1	0	0	90	4.4000001	12:58	18.8999996	48.4000015
551	Dennis Rasmussen	8	C	68	4	4	8	-4	12	0.119999997	0	0	0	0	0	0	77	5.19999981	11:49	18.5	44.5999985
552	Jordan Nolan	14	C	46	4	4	8	-3	44	0.170000002	0	0	0	0	0	0	39	10.3000002	10:51	14.8999996	33.2999992
553	Matt Beleskey	3	L	49	3	5	8	-10	47	0.159999996	0	2	0	0	0	0	79	3.79999995	13:15	18	41.4000015
554	Michal Kempny	8	D	50	2	6	8	1	22	0.159999996	0	0	0	0	0	0	67	3	14:57	19.8999996	0
555	Christian Folin	15	D	51	2	6	8	10	26	0.159999996	0	0	0	0	0	0	39	5.0999999	14:56	20.2999992	0
556	Connor Carrick	27	D	67	2	6	8	8	51	0.119999997	1	1	0	0	0	0	89	2.20000005	16:20	22.2999992	0
557	Luke Schenn	2	D	78	1	7	8	-9	85	0.100000001	0	0	0	0	0	0	94	1.10000002	18:02	24.6000004	0
558	Yannick Weber	18	D	73	1	7	8	1	25	0.109999999	0	0	0	0	1	0	72	1.39999998	11:55	17.1000004	0
559	Alexey Marchenko	27	D	41	1	7	8	7	12	0.200000003	0	0	0	1	0	0	36	2.79999995	16:57	23.5	0
560	Dylan DeMelo	24	D	25	1	7	8	2	14	0.319999993	0	0	0	0	0	0	32	3.0999999	15:53	21.5	0
561	Jesse Puljujarvi	12	R	28	1	7	8	5	10	0.289999992	1	1	0	0	0	0	41	2.4000001	11:15	15.6999998	0
562	Paul LaDue	14	D	22	0	8	8	-5	4	0.360000014	0	4	0	0	0	0	27	0	15:24	21.5	0
563	Justin Falk	4	D	52	0	8	8	-3	29	0.150000006	0	0	0	0	0	0	33	0	13:41	20.7999992	0
564	Chris Wagner	1	C	43	6	1	7	2	6	0.159999996	0	0	0	0	0	0	40	15	9:21	14.3999996	41.9000015
565	Jamie Oleksiak	10	D	41	5	2	7	-4	37	0.170000002	0	0	0	1	1	0	33	15.1999998	16:12	21.7999992	0
566	Drew Miller	11	L	55	5	2	7	-12	18	0.129999995	0	0	0	0	1	0	43	11.6000004	10:16	15.1999998	66.6999969
567	Nick Lappin	17	R	43	4	3	7	-17	17	0.159999996	0	0	0	0	0	0	57	7	11:43	16.2000008	28.6000004
568	Matt Hendricks	12	L	42	4	3	7	-3	29	0.170000002	0	0	0	0	1	0	42	9.5	10:44	16.2999992	56.9000015
569	Tyler Motte	8	L	33	4	3	7	2	14	0.209999993	0	0	0	0	0	0	46	8.69999981	11:23	17.5	40
570	Ales Hemsky	10	R	15	4	3	7	-1	0	0.469999999	1	2	0	0	0	0	30	13.3000002	14:25	22.2999992	0
571	Carter Rowney	23	R	27	3	4	7	2	4	0.25999999	0	0	0	0	1	0	24	12.5	10:58	16.2999992	48
572	John Mitchell	9	C	65	3	4	7	-12	45	0.109999999	0	0	0	0	1	0	57	5.30000019	12:33	17.2000008	55.4000015
573	Joel Eriksson Ek	15	C	15	3	4	7	1	4	0.469999999	0	0	0	0	1	0	15	20	10:36	16.2999992	41.2999992
574	Steve Ott	16	C	53	3	4	7	-8	80	0.129999995	0	0	0	0	0	0	45	6.69999981	10:45	15.8999996	55
575	Lance Bouma	7	C	61	3	4	7	-2	35	0.109999999	0	0	0	0	1	0	53	5.69999981	11:20	17.1000004	33.2999992
576	Greg McKegg	26	C	46	3	4	7	-3	22	0.150000006	0	0	0	0	0	0	36	8.30000019	9:54	14.5	50
577	Andreas Martinsen	16	L	64	3	4	7	-14	32	0.109999999	0	0	0	1	0	0	73	4.0999999	9:57	14.8999996	75
578	Korbinian Holzer	1	D	32	2	5	7	0	23	0.219999999	0	0	0	0	0	0	14	14.3000002	13:30	18	0
579	Steven Santini	17	D	38	2	5	7	-6	14	0.180000007	0	0	0	0	0	0	46	4.30000019	16:05	22.5	0
580	Nate Prosser	15	D	39	2	5	7	0	12	0.180000007	0	1	0	0	0	0	20	10	12:43	17.6000004	0
581	Markus Nutivaara	6	D	66	2	5	7	7	6	0.109999999	0	0	0	0	0	0	66	3	13:12	18	0
582	Phillip Di Giuseppe	5	L	36	1	6	7	-12	15	0.189999998	0	1	0	0	1	1	68	1.5	12:17	17.2999992	0
583	Martin Marincin	27	D	25	1	6	7	3	16	0.280000001	0	0	0	1	0	0	22	4.5	18:02	25	0
584	Remi Elie	10	L	18	1	6	7	5	8	0.389999986	0	0	0	0	0	0	15	6.69999981	15:37	22	100
585	Ben Lovejoy	17	D	82	1	6	7	-7	39	0.0900000036	0	0	0	0	1	0	84	1.20000005	20:46	27.2999992	0
586	Kevin Gravel	14	D	49	1	6	7	3	6	0.140000001	1	2	0	0	0	0	52	1.89999998	14:09	20.2999992	0
587	Jared McCann	13	C	29	1	6	7	-1	4	0.239999995	0	1	0	0	0	0	44	2.29999995	11:38	16	39
588	Ryan Sproul	11	D	27	1	6	7	-8	6	0.25999999	1	3	0	0	0	0	46	2.20000005	15:08	20.5	0
589	Olli Maatta	23	D	55	1	6	7	17	12	0.129999995	0	0	0	0	0	0	66	1.5	18:03	25.2000008	0
590	Anthony Bitetto	18	D	29	0	7	7	-1	25	0.239999995	0	0	0	0	0	0	17	0	11:48	17.7000008	0
591	Taylor Fedun	4	D	27	0	7	7	3	16	0.25999999	0	3	0	0	0	0	24	0	13:21	19.6000004	0
592	Cody McLeod	18	L	59	5	1	6	-3	145	0.100000001	0	0	0	0	0	0	30	16.7000008	7:09	11.1999998	0
593	Evan Rodrigues	4	L	30	4	2	6	-7	4	0.200000003	1	1	0	0	0	0	51	7.80000019	12:55	16.8999996	41.5999985
594	Roman Lyubimov	22	L	47	4	2	6	-2	8	0.129999995	0	0	0	0	1	0	41	9.80000019	9:34	14.5	14.3000002
595	J.T. Brown	26	R	64	3	3	6	-7	73	0.0900000036	0	0	1	1	1	0	67	4.5	10:22	15	31.6000004
596	Jakub Vrana	30	L	21	3	3	6	2	2	0.289999992	3	4	0	0	2	0	32	9.39999962	11:06	13.8999996	0
597	Timo Meier	24	R	34	3	3	6	1	10	0.180000007	0	0	0	0	1	0	85	3.5	12:28	18.3999996	20
598	Gemel Smith	10	C	17	3	3	6	-1	21	0.349999994	0	0	1	1	0	0	19	15.8000002	13:35	20.1000004	42.4000015
599	Adrian Kempe	14	L	25	2	4	6	-3	6	0.239999995	0	2	0	1	1	0	32	6.30000019	12:13	17.2999992	43.7999992
600	Brandon Montour	1	D	27	2	4	6	11	14	0.219999999	0	1	0	0	0	0	50	4	17:22	19.8999996	0
601	Klas Dahlbeck	5	D	43	2	4	6	-12	30	0.140000001	0	0	0	0	0	0	37	5.4000001	13:53	18.8999996	0
602	Eric Gryba	12	D	40	2	4	6	-5	65	0.150000006	0	0	0	0	2	0	45	4.4000001	16:08	21.7000008	0
603	Brad Hunt	18	D	12	1	5	6	-1	2	0.5	1	2	0	0	0	0	14	7.0999999	14:30	21.2999992	0
604	Stephen Gionta	19	R	26	1	5	6	9	2	0.230000004	0	0	0	0	0	0	17	5.9000001	11:12	16.6000004	46.7000008
605	Philip Larsen	28	D	26	1	5	6	-8	4	0.230000004	0	2	0	0	0	0	32	3.0999999	16:27	21	0
606	Jyrki Jokipakka	21	D	41	1	5	6	-4	12	0.150000006	0	0	0	0	0	0	29	3.4000001	14:26	20	0
607	Jon Merrill	17	D	51	1	5	6	-9	24	0.119999997	0	0	0	0	0	0	48	2.0999999	18:33	25	0
608	Erik Gudbranson	28	D	30	1	5	6	-14	18	0.200000003	0	0	0	0	1	0	40	2.5	20:20	25.5	0
609	Josh Gorges	4	D	66	1	5	6	-3	50	0.0900000036	0	0	0	0	0	0	40	2.5	18:27	26.1000004	0
610	Carl Gunnarsson	25	D	56	0	6	6	-5	4	0.109999999	0	0	0	0	0	0	32	0	13:35	20.7000008	0
611	Dalton Prout	17	D	29	0	6	6	-1	44	0.209999993	0	0	0	0	0	0	13	0	13:58	19.7000008	0
612	Matt Tennyson	5	D	45	0	6	6	-13	6	0.129999995	0	0	0	0	0	0	36	0	13:17	18.3999996	0
613	Brock Boeser	28	R	9	4	1	5	0	0	0.560000002	2	2	0	0	1	0	25	16	16:12	20.8999996	0
614	J.T. Compher	9	L	21	3	2	5	0	4	0.239999995	1	1	0	0	1	0	30	10	14:55	19.7999992	47.5999985
615	Noel Acciari	3	C	29	2	3	5	3	16	0.170000002	0	0	0	0	0	0	24	8.30000019	10:22	14.8999996	37.9000015
616	Dmitry Kulikov	4	D	47	2	3	5	-26	26	0.109999999	1	3	0	0	0	0	42	4.80000019	21:54	28	0
617	Gustav Forsling	8	D	38	2	3	5	3	4	0.129999995	0	1	0	0	0	0	48	4.19999981	14:49	19.2999992	0
618	Kyle Connor	29	L	20	2	3	5	-7	4	0.25	0	2	0	0	1	0	24	8.30000019	12:13	16.3999996	50
619	Tyler Myers	29	D	11	2	3	5	5	13	0.449999988	0	0	0	1	0	0	16	12.5	22:12	26.7000008	0
620	Jimmy Hayes	3	R	58	2	3	5	-3	29	0.0900000036	0	0	0	0	1	0	74	2.70000005	9:13	13.3000002	25.5
621	Garnet Hathaway	7	R	26	1	4	5	0	44	0.189999998	0	0	0	0	0	0	22	4.5	9:08	13.5	52.5999985
622	Tom Gilbert	14	D	18	1	4	5	-4	6	0.280000001	0	1	0	0	0	0	12	8.30000019	15:27	21.7999992	0
623	Julius Honka	10	D	16	1	4	5	-4	4	0.310000002	0	1	0	0	1	1	34	2.9000001	16:52	21.6000004	0
624	Andrej Nestrasil	5	C	19	1	4	5	-3	2	0.25999999	0	0	0	0	0	0	27	3.70000005	10:54	15.3000002	30
625	Taylor Chorney	30	D	18	1	4	5	8	11	0.280000001	0	0	0	0	1	0	19	5.30000019	14:15	19.2000008	0
626	Michael McCarron	16	R	31	1	4	5	-4	41	0.159999996	0	0	0	0	0	0	31	3.20000005	9:53	14.6000004	43.4000015
627	Brendan Gaunce	28	C	57	0	5	5	-2	33	0.0900000036	0	0	0	0	0	0	51	0	9:29	14.3999996	51.2000008
628	Cody Goloubef	9	D	33	0	5	5	-11	25	0.150000006	0	0	0	0	0	0	35	0	16:59	23	0
629	Seth Griffith	13	C	24	0	5	5	6	8	0.209999993	0	1	0	0	0	0	21	0	12:44	17.5	25
630	Zach Redmond	16	D	16	0	5	5	6	2	0.310000002	0	0	0	0	0	0	12	0	12:18	16.2999992	0
631	John-Michael Liles	3	D	36	0	5	5	1	4	0.140000001	0	3	0	0	0	0	36	0	16:12	21.6000004	100
632	Nicholas Baptiste	4	R	14	3	1	4	1	6	0.289999992	0	0	0	0	0	0	16	18.7999992	9:14	13.6000004	33.2999992
633	Chris Thorburn	29	R	64	3	1	4	-7	95	0.0599999987	0	0	1	1	0	0	36	8.30000019	6:58	11.5	50
634	Brandon Tanev	29	L	51	2	2	4	-6	26	0.0799999982	0	0	0	0	1	0	54	3.70000005	10:40	17.2000008	100
635	Yohann Auvitu	17	D	25	2	2	4	1	2	0.159999996	0	1	0	0	0	0	54	3.70000005	15:36	20.2000008	0
636	Mark Stuart	29	D	42	2	2	4	4	27	0.100000001	0	0	0	0	1	0	24	8.30000019	12:27	17.7999992	0
637	Ryan Carpenter	24	C	11	2	2	4	5	4	0.360000014	0	0	0	0	0	0	20	10	10:23	16.2999992	45.2999992
638	Shawn Thornton	13	L	50	2	2	4	-7	67	0.0799999982	0	0	0	0	0	0	42	4.80000019	7:41	11.3000002	33.2999992
639	Sergey Kalinin	17	C	43	2	2	4	-14	15	0.0900000036	0	0	0	0	0	0	38	5.30000019	12:47	18.6000004	41.4000015
640	Ryan Callahan	26	R	18	2	2	4	-4	23	0.219999999	0	0	0	0	1	0	22	9.10000038	14:08	19.5	55.5999985
641	Brayden McNabb	14	D	49	2	2	4	1	54	0.0799999982	0	0	0	0	0	0	47	4.30000019	15:03	21.6000004	0
642	Vernon Fiddler	18	C	59	2	2	4	-15	66	0.0700000003	0	0	1	1	0	0	48	4.19999981	11:39	18.1000004	53.7000008
643	Harry Zolnierczyk	18	L	24	2	2	4	-2	10	0.170000002	0	0	0	0	0	0	19	10.5	8:52	12.8999996	42.0999985
644	Ben Smith	27	R	40	2	2	4	-7	4	0.100000001	0	0	0	0	0	0	30	6.69999981	11:27	17.7999992	51.5
645	Chris Terry	16	L	14	2	2	4	-1	4	0.289999992	0	0	0	0	0	0	15	13.3000002	9:53	15.1999998	50
646	Gabriel Dumont	26	C	39	2	2	4	1	29	0.100000001	0	0	0	0	0	0	34	5.9000001	9:40	14.6999998	55
647	Justin Bailey	4	R	32	2	2	4	0	4	0.129999995	0	0	0	0	1	0	36	5.5999999	10:37	14.6000004	0
648	Iiro Pakarinen	12	R	14	2	2	4	2	2	0.289999992	0	0	0	0	1	0	15	13.3000002	8:55	14.6000004	0
649	Derek Dorsett	28	R	14	1	3	4	-6	33	0.289999992	0	0	0	0	0	0	24	4.19999981	9:55	15.8000002	100
650	Cory Conacher	26	C	11	1	3	4	0	4	0.360000014	1	1	0	0	0	0	16	6.30000019	11:33	17.6000004	50
651	Robert Bortuzzo	25	D	38	1	3	4	11	15	0.109999999	0	0	0	0	0	0	45	2.20000005	14:05	22.7999992	0
652	John Quenneville	17	C	12	1	3	4	1	2	0.330000013	1	2	0	0	0	0	21	4.80000019	13:41	18.7000008	0
653	Chris Neil	21	R	53	1	3	4	-11	63	0.0799999982	0	0	0	0	0	0	42	2.4000001	7:34	11.6000004	0
654	Cameron Gaunce	23	D	12	1	3	4	1	13	0.330000013	0	0	0	0	0	0	8	12.5	12:31	17.8999996	0
655	John Hayden	8	L	12	1	3	4	3	4	0.330000013	0	0	0	0	0	0	22	4.5	11:41	17.2999992	0
656	Anton Lander	12	C	22	1	3	4	2	6	0.180000007	0	0	0	0	0	0	12	8.30000019	9:46	16	56
657	Marcus Sorensen	24	R	19	1	3	4	-1	4	0.209999993	0	0	0	0	1	0	27	3.70000005	10:48	16.7000008	75
658	Curtis Lazar	7	C	37	1	3	4	-8	4	0.109999999	0	0	0	0	0	0	26	3.79999995	9:08	13.6999998	39.4000015
659	Luke Witkowski	26	D	34	0	4	4	-1	39	0.119999997	0	0	0	0	0	0	24	0	9:52	14.1000004	0
660	Derek Grant	4	C	46	0	4	4	-5	24	0.0900000036	0	0	0	0	0	0	40	0	9:45	15	52.2999992
661	Slater Koekkoek	26	D	29	0	4	4	-4	8	0.140000001	0	0	0	0	0	0	27	0	12:59	17.8999996	0
662	Jakub Kindl	13	D	39	0	4	4	-11	28	0.100000001	0	0	0	0	0	0	41	0	14:41	19.2000008	0
663	Nick Schultz	22	D	28	0	4	4	1	10	0.140000001	0	0	0	0	0	0	25	0	15:15	22.7000008	0
664	Nikolay Goldobin	28	R	14	3	0	3	0	0	0.209999993	0	0	0	0	1	0	14	21.3999996	11:22	16.1000004	0
665	Josh Archibald	23	R	10	3	0	3	3	4	0.300000012	0	0	1	1	0	0	11	27.2999992	10:51	16.2999992	0
666	Adam Erne	26	L	26	3	0	3	-9	11	0.119999997	0	0	0	0	0	0	40	7.5	11:48	17	0
667	Christian Fischer	2	R	7	3	0	3	0	0	0.430000007	0	0	0	0	1	0	10	30	12:19	16.3999996	0
668	Kyle Rau	13	C	24	2	1	3	-3	4	0.129999995	0	0	0	0	0	0	21	9.5	9:36	13.5	66.6999969
669	Ryan Garbutt	1	C	27	2	1	3	-3	20	0.109999999	0	0	0	1	1	0	26	7.69999981	9:09	15.1000004	63.5999985
670	Jordin Tootoo	8	R	50	2	1	3	-6	28	0.0599999987	0	0	0	0	0	0	43	4.69999981	6:44	10.1999998	100
671	Michael Bournival	26	L	19	2	1	3	-3	2	0.159999996	0	0	0	0	0	0	25	8	10:08	15.1000004	33.2999992
672	Frederik Gauthier	27	C	21	2	1	3	2	23	0.140000001	0	0	0	0	0	0	15	13.3000002	9:41	16.6000004	51.0999985
673	Laurent Dauphin	2	C	24	2	1	3	-2	12	0.129999995	0	0	1	1	1	0	32	6.30000019	10:54	16	45.0999985
674	Shane Harper	13	R	14	2	1	3	-1	18	0.209999993	0	0	0	0	0	0	13	15.3999996	10:18	13.8000002	0
675	Zac Dalpe	15	C	9	1	2	3	0	9	0.330000013	0	0	0	0	0	0	8	12.5	8:33	13.3999996	45.7999992
676	Scott Harrington	6	D	22	1	2	3	3	10	0.140000001	0	0	0	0	0	0	16	6.30000019	13:00	18.3999996	0
677	Clayton Stoner	1	D	14	1	2	3	0	28	0.209999993	0	0	0	0	0	0	16	6.30000019	17:33	23.2000008	0
678	Michal Rozsival	8	D	22	1	2	3	-3	14	0.140000001	0	0	0	0	1	0	16	6.30000019	15:29	21.1000004	0
679	Mark Borowiecki	21	D	70	1	2	3	-3	154	0.0399999991	0	0	0	0	0	0	50	2	14:00	22.2999992	100
680	Kenny Agostino	25	L	7	1	2	3	0	2	0.430000007	0	1	0	0	0	0	17	5.9000001	12:46	16.7000008	0
681	Brett Kulak	7	D	21	0	3	3	-3	12	0.140000001	0	0	0	0	0	0	19	0	14:14	19.7999992	0
682	Jared Boll	1	R	51	0	3	3	-3	87	0.0599999987	0	0	0	0	0	0	13	0	5:48	9.69999981	0
683	Gustav Olofsson	15	D	13	0	3	3	-1	2	0.230000004	0	1	0	0	0	0	7	0	13:28	17	0
684	Patrik Nemeth	10	D	40	0	3	3	-4	14	0.0799999982	0	0	0	0	0	0	46	0	15:46	21	0
685	Karl Stollery	17	D	11	0	3	3	-5	13	0.270000011	0	3	0	0	0	0	11	0	16:55	22.2999992	0
686	Brandon Davidson	16	D	38	0	3	3	-2	20	0.0799999982	0	0	0	0	0	0	42	0	15:43	21.6000004	0
687	Paul Thompson	13	R	21	0	3	3	-4	22	0.140000001	0	0	0	0	0	0	19	0	7:54	12.1000004	0
688	Joel Vermin	26	R	18	0	3	3	2	4	0.170000002	0	0	0	0	0	0	12	0	10:55	15.6000004	66.6999969
689	Alex Biega	28	D	36	0	3	3	-4	18	0.0799999982	0	0	0	0	0	0	37	0	13:10	19.5	0
690	Jason Dickinson	10	C	10	2	0	2	-3	0	0.200000003	0	0	0	0	0	0	9	22.2000008	11:47	17.2999992	30.7999992
691	Teemu Pulkkinen	2	L	13	2	0	2	-2	6	0.150000006	0	0	0	0	0	0	10	20	9:30	13.8000002	0
692	Freddie Hamilton	7	C	26	2	0	2	-3	8	0.0799999982	0	0	0	0	1	0	30	6.69999981	9:46	14	59.5
693	Pontus Aberg	18	L	15	1	1	2	-2	4	0.129999995	0	0	0	0	0	0	12	8.30000019	12:20	17.1000004	100
694	Mirco Mueller	24	D	4	1	1	2	2	0	0.5	0	0	0	0	0	0	3	33.2999992	9:35	14	0
695	Markus Hannikainen	6	L	10	1	1	2	0	6	0.200000003	0	0	0	0	0	0	8	12.5	9:07	13.5	0
696	Blake Coleman	17	C	23	1	1	2	-7	27	0.0900000036	0	0	0	0	0	0	29	3.4000001	12:50	17.2999992	42.5
697	Steven Kampfer	20	D	11	1	1	2	-2	6	0.180000007	0	0	0	0	0	0	10	10	13:15	19.5	0
698	Nate Thompson	1	C	30	1	1	2	4	14	0.0700000003	0	0	0	0	0	0	19	5.30000019	10:23	16.1000004	53.0999985
699	Matthew Peca	26	C	10	1	1	2	-3	2	0.200000003	0	0	0	0	0	0	9	11.1000004	11:26	15.8999996	44.4000015
700	Anton Blidh	3	L	19	1	1	2	-2	7	0.109999999	0	0	0	0	0	0	26	3.79999995	8:46	12.5	0
701	Milan Michalek	27	L	5	1	1	2	-2	2	0.400000006	0	0	0	0	0	0	6	16.7000008	14:16	21	0
702	Taylor Leier	22	L	10	1	1	2	-1	4	0.200000003	0	0	0	0	0	0	7	14.3000002	9:03	13.8000002	0
703	Tanner Glass	20	L	11	1	1	2	0	17	0.180000007	0	0	0	0	0	0	8	12.5	10:54	17	100
704	Matt Bartkowski	7	D	24	1	1	2	-4	26	0.0799999982	0	0	0	0	0	0	16	6.30000019	15:23	21.7999992	0
705	Matt Greene	14	D	26	1	1	2	3	19	0.0799999982	0	0	0	0	0	0	14	7.0999999	13:10	20.7000008	0
706	Marek Hrivik	20	L	16	0	2	2	-3	2	0.129999995	0	1	0	0	0	0	15	0	10:25	15.1000004	40
707	Mark Fayne	12	D	4	0	2	2	1	0	0.5	0	0	0	0	0	0	4	0	7:55	14	0
708	Brian Strait	29	D	5	0	2	2	-1	0	0.400000006	0	0	0	0	0	0	3	0	15:55	22.6000004	0
709	Ty Rattie	5	R	9	0	2	2	-2	0	0.219999999	0	0	0	0	0	0	10	0	10:44	15.3999996	0
710	Peter Cehlarik	3	L	11	0	2	2	0	0	0.180000007	0	1	0	0	0	0	8	0	13:54	17.8999996	66.6999969
711	Jordan Schmaltz	25	D	9	0	2	2	0	4	0.219999999	0	1	0	0	0	0	5	0	14:20	21.8999996	0
712	Nicolas Deslauriers	4	L	42	0	2	2	-6	38	0.0500000007	0	0	0	0	0	0	26	0	7:24	10	0
713	Andy Andreoff	14	L	36	0	2	2	-2	70	0.0599999987	0	0	0	0	0	0	38	0	10:35	14.6000004	59.4000015
714	Clayton Keller	2	C	3	0	2	2	-3	0	0.670000017	0	1	0	0	0	0	0	0	12:40	17	0
715	Tom Sestito	23	L	13	0	2	2	0	48	0.150000006	0	0	0	0	0	0	3	0	5:31	9.69999981	0
716	Teddy Purcell	14	L	12	0	2	2	0	0	0.170000002	0	0	0	0	0	0	10	0	12:53	17.8999996	100
717	Jonny Brodzinski	14	C	6	0	2	2	2	2	0.330000013	0	0	0	0	0	0	17	0	12:17	16.2999992	0
718	Lucas Wallmark	5	C	8	0	2	2	1	2	0.25	0	0	0	0	0	0	11	0	10:52	16	53.4000015
719	Drew Shore	28	C	14	0	2	2	-3	4	0.140000001	0	0	0	0	0	0	11	0	11:57	16.7999992	53.5
720	Justin Dowling	10	C	9	0	2	2	0	2	0.219999999	0	1	0	0	0	0	11	0	10:28	16	55.0999985
721	Julian Melchiori	29	D	18	0	2	2	0	8	0.109999999	0	0	0	0	0	0	15	0	18:22	22.7999992	0
722	Charles Hudon	16	L	3	0	2	2	1	2	0.670000017	0	0	0	0	0	0	3	0	11:55	16	0
723	Ryan Murphy	5	D	27	0	2	2	-11	8	0.0700000003	0	0	0	0	0	0	17	0	13:10	16.7999992	0
724	Dylan McIlrath	13	D	6	1	0	1	-2	14	0.170000002	0	0	0	0	0	0	3	33.2999992	9:31	12.6999998	0
725	Jujhar Khaira	12	L	10	1	0	1	1	2	0.100000001	0	0	0	0	1	0	10	10	9:15	13.6999998	36.7999992
726	Tomas Nosek	11	L	11	1	0	1	-1	2	0.0900000036	0	0	0	0	0	0	19	5.30000019	10:07	14.6999998	54.4000015
727	Nikita Scherbak	16	R	3	1	0	1	1	0	0.330000013	1	1	0	0	0	0	3	33.2999992	11:22	16.7000008	0
728	Kasperi Kapanen	27	R	8	1	0	1	-2	0	0.129999995	0	0	0	0	0	0	11	9.10000038	10:41	17.1000004	0
729	Bryan Bickell	5	L	11	1	0	1	-4	4	0.0900000036	1	1	0	0	1	0	8	12.5	10:26	14.5	0
730	Samuel Henley	9	C	1	1	0	1	1	2	1	0	0	0	0	0	0	1	100	5:18	10	0
731	Seth Helgeson	17	D	9	1	0	1	2	15	0.109999999	0	0	0	0	0	0	3	33.2999992	13:28	19.7000008	0
732	Valentin Zykov	5	L	2	1	0	1	1	0	0.5	0	0	0	0	0	0	3	33.2999992	6:15	8	0
733	Vladimir Sobotka	25	L	1	1	0	1	0	0	1	0	0	0	0	0	0	2	50	16:41	22	50
734	Tomas Jurco	8	L	29	1	0	1	-12	4	0.0299999993	0	0	0	0	0	0	35	2.9000001	10:38	15.5	0
735	Wade Megan	25	C	3	1	0	1	1	0	0.330000013	0	0	0	0	0	0	6	16.7000008	8:48	13.6999998	48.0999985
736	Boyd Gordon	22	C	13	1	0	1	-5	2	0.0799999982	0	0	0	0	0	0	8	12.5	8:10	14.1999998	55.7999992
737	Colin McDonald	22	R	3	1	0	1	1	0	0.330000013	0	0	0	0	0	0	5	20	9:01	12.3000002	0
738	Tyson Jost	9	C	6	1	0	1	-5	0	0.170000002	0	0	0	0	0	0	9	11.1000004	15:40	20.2000008	40
739	Mike Reilly	15	D	17	1	0	1	1	2	0.0599999987	0	0	0	0	0	0	19	5.30000019	12:22	15.8999996	0
740	Daniel O'Regan	24	C	3	1	0	1	-2	0	0.330000013	1	1	0	0	0	0	5	20	11:33	15.3000002	46.9000015
741	Frederick Gaudreau	18	C	9	0	1	1	1	0	0.109999999	0	0	0	0	0	0	8	0	8:39	13.1000004	33.2999992
742	Sean Kuraly	3	C	8	0	1	1	-1	2	0.129999995	0	0	0	0	0	0	11	0	9:12	14.3999996	33.2999992
743	Joe Morrow	3	D	17	0	1	1	-4	8	0.0599999987	0	0	0	0	0	0	19	0	15:31	20	0
744	Andrew Desjardins	8	L	46	0	1	1	-6	22	0.0199999996	0	0	0	0	0	0	46	0	9:24	13.1999998	56.5
745	Matt Carle	18	D	6	0	1	1	-1	0	0.170000002	0	0	0	0	0	0	2	0	13:08	17.7999992	0
746	Hudson Fasching	4	R	10	0	1	1	-1	2	0.100000001	0	0	0	0	0	0	6	0	10:24	14.5	0
747	Dominik Simon	23	C	2	0	1	1	-1	0	0.5	0	0	0	0	0	0	2	0	13:02	20.5	0
748	Gabriel Carlsson	6	D	2	0	1	1	-2	0	0.5	0	0	0	0	0	0	3	0	17:07	23	0
749	C.J. Smith	4	L	2	0	1	1	-1	0	0.5	0	0	0	0	0	0	2	0	11:32	15	0
750	Cole Schneider	4	L	4	0	1	1	2	0	0.25	0	0	0	0	0	0	6	0	7:08	11.3000002	0
751	Kurtis Gabriel	15	R	13	0	1	1	0	29	0.0799999982	0	0	0	0	0	0	3	0	5:49	9.10000038	0
752	Barclay Goodrow	24	R	3	0	1	1	0	0	0.330000013	0	0	0	0	0	0	3	0	11:18	18	0
753	Matt Lorito	11	L	2	0	1	1	0	0	0.5	0	0	0	0	0	0	6	0	14:26	18.5	0
754	Eric Gelinas	9	D	27	0	1	1	-4	12	0.0399999991	0	0	0	0	0	0	29	0	11:34	16.6000004	0
755	Blake Pietila	17	L	10	0	1	1	-5	4	0.100000001	0	0	0	0	0	0	9	0	13:02	16.7999992	51.0999985
756	Alexander Nylander	4	R	4	0	1	1	-2	0	0.25	0	0	0	0	0	0	4	0	12:19	15.5	0
757	Tyler Gaudet	2	C	4	0	1	1	0	0	0.25	0	0	0	0	0	0	3	0	12:59	17.7999992	40
758	Ben Street	11	C	6	0	1	1	1	0	0.170000002	0	0	0	0	0	0	8	0	8:15	12.8000002	0
759	Christoph Bertschy	15	C	5	0	1	1	0	4	0.200000003	0	0	0	0	0	0	5	0	8:08	13	0
760	David Warsofsky	23	D	7	0	1	1	-3	6	0.140000001	0	0	0	0	0	0	14	0	15:44	22.6000004	0
761	Jake Virtanen	28	R	10	0	1	1	1	2	0.100000001	0	0	0	0	0	0	13	0	10:08	15.6999998	100
762	A.J. Greer	9	L	5	0	1	1	-2	4	0.200000003	0	0	0	0	0	0	8	0	13:39	20.3999996	0
763	Cal O'Reilly	4	C	11	0	1	1	-6	0	0.0900000036	0	0	0	0	0	0	3	0	7:55	10.3999996	48.5
764	Rocco Grimaldi	9	C	4	0	1	1	-3	2	0.25	0	0	0	0	0	0	11	0	11:00	14.3000002	0
765	Dylan Strome	2	C	7	0	1	1	-5	0	0.140000001	0	0	0	0	0	0	6	0	13:41	18.6000004	40.2999992
766	Steve Oleksy	23	D	11	0	1	1	2	24	0.0900000036	0	0	0	0	0	0	11	0	13:41	19.5	0
767	Kevin Connauton	2	D	24	0	1	1	-1	24	0.0399999991	0	0	0	0	0	0	21	0	13:07	18.5	0
768	Anton Rodin	28	R	3	0	1	1	1	0	0.330000013	0	0	0	0	0	0	2	0	8:54	13.3000002	0
769	Sergey Tolchinsky	5	L	2	0	1	1	0	0	0.5	0	0	0	0	0	0	2	0	11:28	14.5	0
770	Hunter Shinkaruk	7	C	7	0	1	1	-3	2	0.140000001	0	0	0	0	0	0	5	0	10:35	13.6999998	0
771	Ian McCoshen	13	D	3	0	1	1	0	0	0.330000013	0	0	0	0	0	0	0	0	13:15	17.2999992	0
772	Nick Sorensen	1	R	5	0	1	1	-1	2	0.200000003	0	0	0	0	0	0	7	0	10:53	16.3999996	100
773	Patrick Cannone	15	C	3	0	0	0	0	0	0	0	0	0	0	0	0	2	0	7:53	11.6999998	52.4000015
774	Mark McNeill	10	C	1	0	0	0	-1	0	0	0	0	0	0	0	0	1	0	13:49	17	0
775	Alex Tuch	15	R	6	0	0	0	-3	0	0	0	0	0	0	0	0	8	0	10:42	14.3000002	0
776	Ben Harpur	21	D	6	0	0	0	-1	0	0	0	0	0	0	0	0	3	0	17:48	25.2000008	0
777	Oskar Sundqvist	23	C	10	0	0	0	-4	2	0	0	0	0	0	0	0	9	0	9:10	13.8000002	36.4000015
778	Sonny Milano	6	L	4	0	0	0	-3	0	0	0	0	0	0	0	0	2	0	11:41	15.8000002	0
779	Nicolas Kerdiles	1	L	1	0	0	0	1	0	0	0	0	0	0	0	0	0	0	11:08	17	100
780	Brady Austin	4	D	5	0	0	0	0	4	0	0	0	0	0	0	0	8	0	16:05	25.2000008	0
781	Evan McEneny	28	D	1	0	0	0	-1	0	0	0	0	0	0	0	0	1	0	15:08	23	0
782	Spencer Abbott	8	L	1	0	0	0	0	0	0	0	0	0	0	0	0	1	0	8:34	12	0
783	Tyler Wotherspoon	7	D	4	0	0	0	-2	0	0	0	0	0	0	0	0	4	0	10:54	15.5	0
784	Petter Granberg	18	D	10	0	0	0	0	10	0	0	0	0	0	0	0	4	0	9:37	13.1000004	0
785	Byron Froese	26	C	6	0	0	0	-3	5	0	0	0	0	0	0	0	6	0	10:33	15.8000002	46.4000015
786	Ben Thomson	17	L	3	0	0	0	-4	4	0	0	0	0	0	0	0	7	0	10:53	15.6999998	0
787	Matt Grzelcyk	3	D	2	0	0	0	0	2	0	0	0	0	0	0	0	4	0	12:29	22	0
788	Dan Renouf	11	D	1	0	0	0	0	0	0	0	0	0	0	0	0	1	0	13:35	18	0
789	Liam O'Brien	30	C	1	0	0	0	0	0	0	0	0	0	0	0	0	0	0	6:08	8	0
790	Duncan Siemens	9	D	3	0	0	0	-2	2	0	0	0	0	0	0	0	2	0	12:18	19	0
791	Mark Jankowski	7	C	1	0	0	0	0	0	0	0	0	0	0	0	0	0	0	10:18	13	62.5
792	Brett Lernout	16	D	2	0	0	0	-1	0	0	0	0	0	0	0	0	3	0	18:59	22.5	0
793	Tyler Bertuzzi	11	L	7	0	0	0	-1	0	0	0	0	0	0	0	0	3	0	9:06	12.8999996	50
794	Jordan Oesterle	12	D	2	0	0	0	-1	0	0	0	0	0	0	0	0	2	0	17:17	21.5	0
795	Casey Bailey	21	R	7	0	0	0	-1	0	0	0	0	0	0	0	0	10	0	7:59	11.1000004	0
796	Andrew Poturalski	5	C	2	0	0	0	-3	0	0	0	0	0	0	0	0	1	0	12:16	17	50
797	Kevin Porter	23	C	2	0	0	0	-1	0	0	0	0	0	0	0	0	0	0	11:15	18.5	36.7999992
798	Nicklas Jensen	20	R	7	0	0	0	-2	0	0	0	0	0	0	0	0	8	0	9:13	13.6999998	0
799	Jack Roslovic	29	C	1	0	0	0	-1	0	0	0	0	0	0	0	0	1	0	8:24	14	16.7000008
800	Phil Varone	21	C	7	0	0	0	-3	2	0	0	0	0	0	0	0	1	0	7:58	11.6999998	55.5999985
801	Rob O'Gara	3	D	3	0	0	0	1	0	0	0	0	0	0	0	0	2	0	16:00	22.7000008	0
802	Patrick Brown	5	C	14	0	0	0	-6	0	0	0	0	0	0	0	0	12	0	9:42	13.5	60
803	Ryan Pulock	19	D	1	0	0	0	1	0	0	0	0	0	0	0	0	0	0	3:57	5	0
804	Evgeny Svechnikov	11	R	2	0	0	0	0	0	0	0	0	0	0	0	0	4	0	13:08	21.5	0
805	Mike Liambas	18	L	1	0	0	0	-1	0	0	0	0	0	0	0	0	0	0	4:42	8	0
806	Christopher DiDomenico	21	C	3	0	0	0	0	6	0	0	0	0	0	0	0	5	0	11:01	15.6999998	66.6999969
807	Erik Burgdoerfer	4	D	2	0	0	0	-1	0	0	0	0	0	0	0	0	2	0	11:10	17	0
808	Joseph LaBate	28	C	13	0	0	0	-2	21	0	0	0	0	0	0	0	5	0	6:45	11.3000002	100
809	Samuel Morin	22	D	1	0	0	0	0	0	0	0	0	0	0	0	0	2	0	17:47	24	0
810	Zack Mitchell	15	R	11	0	0	0	-1	0	0	0	0	0	0	0	0	10	0	8:25	12.3999996	57.9000015
811	Garrett Mitchell	30	R	1	0	0	0	0	0	0	0	0	0	0	0	0	0	0	8:48	13	0
812	Tanner Richard	26	C	3	0	0	0	-2	2	0	0	0	0	0	0	0	1	0	12:42	16.2999992	43.2999992
813	Cristoval Nieves	20	C	1	0	0	0	-1	0	0	0	0	0	0	0	0	0	0	11:44	17	30
814	Chandler Stephenson	30	C	4	0	0	0	0	0	0	0	0	0	0	0	0	3	0	8:52	11.5	48
815	Jaycob Megna	1	D	1	0	0	0	1	0	0	0	0	0	0	0	0	0	0	15:20	18	0
816	Robert Hagg	22	D	1	0	0	0	0	0	0	0	0	0	0	0	0	5	0	21:19	27	0
817	Cody Bass	18	C	9	0	0	0	-1	19	0	0	0	0	0	0	0	1	0	6:46	11	0
818	Petteri Lindbohm	25	D	7	0	0	0	-4	4	0	0	0	0	0	0	0	10	0	12:59	19.1000004	0
819	Jean-Sebastien Dea	23	C	1	0	0	0	0	2	0	0	0	0	0	0	0	1	0	11:18	21	50
820	Sean Malone	4	C	1	0	0	0	0	0	0	0	0	0	0	0	0	1	0	12:12	15	62.5
821	Mathew Barzal	19	C	2	0	0	0	-2	6	0	0	0	0	0	0	0	0	0	9:45	16	46.2000008
822	Mike Vecchione	22	C	2	0	0	0	-1	0	0	0	0	0	0	0	0	1	0	8:30	10.5	66.6999969
823	Mikhail Sergachev	16	D	4	0	0	0	1	0	0	0	0	0	0	0	0	2	0	12:07	17	0
824	Emerson Etem	1	L	3	0	0	0	1	2	0	0	0	0	0	0	0	0	0	8:48	15	0
825	Corey Tropp	1	R	1	0	0	0	-1	0	0	0	0	0	0	0	0	0	0	9:28	16	0
826	Jacob De La Rose	16	L	9	0	0	0	-3	4	0	0	0	0	0	0	0	4	0	10:54	17.2999992	50
827	Miikka Salomaki	18	R	5	0	0	0	-1	2	0	0	0	0	0	0	0	3	0	12:12	16.7999992	0
828	Ryan Johnston	16	D	7	0	0	0	-3	4	0	0	0	0	0	0	0	3	0	9:52	14.6000004	0
829	Andreas Englund	21	D	5	0	0	0	-3	2	0	0	0	0	0	0	0	3	0	10:37	17	0
830	Brian Lashoff	11	D	5	0	0	0	-3	0	0	0	0	0	0	0	0	1	0	12:30	18.6000004	0
831	Denis Gurianov	10	R	1	0	0	0	-1	0	0	0	0	0	0	0	0	0	0	13:06	17	0
832	Frank Corrado	23	D	4	0	0	0	-1	8	0	0	0	0	0	0	0	3	0	10:46	16.7999992	0
833	Rasmus Andersson	7	D	1	0	0	0	-1	0	0	0	0	0	0	0	0	0	0	18:33	23	0
834	Thomas Chabot	21	D	1	0	0	0	-2	0	0	0	0	0	0	0	0	1	0	7:09	13	0
835	Michael Kapla	17	D	5	0	0	0	-1	0	0	0	0	0	0	0	0	4	0	17:26	21.7999992	0
836	Michael Zalewski	28	L	1	0	0	0	-1	0	0	0	0	0	0	0	0	0	0	8:03	13	0
837	Jacob Larsson	1	D	4	0	0	0	-1	2	0	0	0	0	0	0	0	2	0	16:25	21.2999992	0
838	Blake Speers	17	C	3	0	0	0	0	0	0	0	0	0	0	0	0	3	0	9:29	14.3000002	0
839	Kalle Kossila	1	L	1	0	0	0	0	0	0	0	0	0	0	0	0	1	0	6:54	11	42.9000015
840	Riley Barber	30	R	3	0	0	0	0	0	0	0	0	0	0	0	0	2	0	8:34	12.3000002	0
841	Kevin Rooney	17	C	4	0	0	0	-3	4	0	0	0	0	0	0	0	2	0	10:11	14	37
842	Dillon Simpson	12	D	3	0	0	0	0	2	0	0	0	0	0	0	0	2	0	10:53	16.7000008	0
843	MacKenzie Weegar	13	D	3	0	0	0	0	4	0	0	0	0	0	0	0	3	0	17:26	20.7000008	0
844	Nelson Nogier	29	D	10	0	0	0	-1	5	0	0	0	0	0	0	0	8	0	11:42	16.6000004	0
845	Gabriel Bourque	9	L	6	0	0	0	0	0	0	0	0	0	0	0	0	4	0	11:12	17.2000008	0
846	Jakub Nakladal	5	D	3	0	0	0	-4	0	0	0	0	0	0	0	0	3	0	14:30	17.7000008	0
847	Griffen Molino	28	C	5	0	0	0	-2	0	0	0	0	0	0	0	0	3	0	10:35	15	0
848	Alexandre Grenier	28	R	3	0	0	0	-1	0	0	0	0	0	0	0	0	1	0	6:29	9.69999981	100
849	Scott Laughton	22	C	2	0	0	0	0	0	0	0	0	0	0	0	0	4	0	10:14	16.5	55
850	Taylor Beck	20	L	5	0	0	0	-3	4	0	0	0	0	0	0	0	5	0	8:48	14	0
851	Joel Hanley	16	D	7	0	0	0	-3	4	0	0	0	0	0	0	0	5	0	10:09	15	0
852	Luke Gazdic	17	L	11	0	0	0	-2	12	0	0	0	0	0	0	0	3	0	7:07	10.3000002	0
853	Alexandre Carrier	18	D	2	0	0	0	1	0	0	0	0	0	0	0	0	1	0	10:23	16.5	0
854	Nick Paul	21	L	1	0	0	0	-2	0	0	0	0	0	0	0	0	4	0	16:29	20	38.5
855	Adam Pardy	18	D	4	0	0	0	-1	6	0	0	0	0	0	0	0	4	0	10:59	16	0
856	Mike Blunden	21	R	2	0	0	0	0	4	0	0	0	0	0	0	0	1	0	8:07	11	0
857	Nicklas Grossmann	7	D	3	0	0	0	-4	2	0	0	0	0	0	0	0	3	0	13:00	22	0
858	Brendan Guhle	4	D	3	0	0	0	1	0	0	0	0	0	0	0	0	4	0	16:21	23.7000008	0
859	Mason Raymond	1	L	4	0	0	0	-2	0	0	0	0	0	0	0	0	3	0	8:54	13.3000002	0
860	Paul Carey	30	C	6	0	0	0	-2	0	0	0	0	0	0	0	0	8	0	10:28	13.6999998	0
861	Martin Frk	5	R	2	0	0	0	-3	0	0	0	0	0	0	0	0	1	0	8:20	13	0
862	Derrick Pouliot	23	D	11	0	0	0	-4	4	0	0	0	0	0	0	0	11	0	14:53	20.8999996	0
863	Casey Nelson	4	D	11	0	0	0	-3	4	0	0	0	0	0	0	0	10	0	12:36	19.7000008	0
864	Anton Lindholm	9	D	12	0	0	0	-8	2	0	0	0	0	0	0	0	7	0	14:45	20.3999996	0
865	Chris Butler	25	D	1	0	0	0	0	0	0	0	0	0	0	0	0	1	0	21:28	26	0
866	Bracken Kearns	19	C	2	0	0	0	-1	2	0	0	0	0	0	0	0	3	0	11:11	15.5	58.7999992
867	Jamie McBain	2	D	3	0	0	0	-1	0	0	0	0	0	0	0	0	3	0	16:40	20.2999992	0
868	Borna Rendulic	28	R	1	0	0	0	0	0	0	0	0	0	0	0	0	1	0	4:51	7	0
869	Mitch Callahan	11	R	4	0	0	0	0	0	0	0	0	0	0	0	0	2	0	6:48	10.5	0
870	Zbynek Michalek	2	D	3	0	0	0	1	0	0	0	0	0	0	0	0	3	0	17:39	22.7000008	0
871	Robbie Russo	11	D	19	0	0	0	2	2	0	0	0	0	0	0	0	18	0	16:04	19.8999996	0
872	Vladislav Kamenev	18	L	2	0	0	0	-1	2	0	0	0	0	0	0	0	1	0	10:03	13.5	46.2000008
873	Colin White	21	C	2	0	0	0	0	0	0	0	0	0	0	0	0	1	0	13:42	17	33.2999992
874	Linden Vey	7	R	4	0	0	0	-2	0	0	0	0	0	0	0	0	1	0	11:01	15	37.5
875	Erik Condra	26	R	13	0	0	0	-4	4	0	0	0	0	0	0	0	8	0	9:38	13.3999996	100
876	Aaron Ness	30	D	2	0	0	0	-1	0	0	0	0	0	0	0	0	0	0	12:50	16.5	0
877	Quinton Howden	29	C	5	0	0	0	1	0	0	0	0	0	0	0	0	5	0	8:39	14.1999998	0
878	Connor Jones	19	C	4	0	0	0	1	2	0	0	0	0	0	0	0	2	0	11:50	16.2999992	61.5
879	Clarke MacArthur	21	L	4	0	0	0	-1	0	0	0	0	0	0	0	0	5	0	13:29	17.2999992	0
880	TJ Tynan	6	C	3	0	0	0	-1	0	0	0	0	0	0	0	0	3	0	7:29	11.3000002	0
881	Simon Despres	1	D	1	0	0	0	0	0	0	0	0	0	0	0	0	1	0	16:08	19	0
882	Bobby Farnham	16	R	3	0	0	0	0	17	0	0	0	0	0	0	0	4	0	8:16	14.3000002	100
883	Buddy Robinson	21	R	4	0	0	0	0	2	0	0	0	0	0	0	0	4	0	6:56	12.3000002	0
884	Jakob Forsbacka Karlsson	3	C	1	0	0	0	0	0	0	0	0	0	0	0	0	0	0	8:25	13	50
885	Trevor Smith	18	C	1	0	0	0	0	0	0	0	0	0	0	0	0	0	0	7:20	12	0
886	Tim Heed	24	D	1	0	0	0	0	0	0	0	0	0	0	0	0	1	0	16:29	19	0
887	Max McCormick	21	R	7	0	0	0	-3	0	0	0	0	0	0	0	0	7	0	6:45	10.3000002	62.5
888	Danton Heinen	3	C	8	0	0	0	-3	2	0	0	0	0	0	0	0	7	0	13:14	16.1000004	0
1	Connor McDavid	12	C	82	30	70	100	27	26	1.22000003	3	27	1	2	6	1	251	12	21:07	24.3999996	43.2000008
76	Mikael Backlund	7	G	81	22	31	53	9	36	0.649999976	7	16	0	3	7	2	197	11.1999998	17:36	23.6000004	48.0999985
50	Jonathan Toews	8	D	72	21	37	58	7	35	0.810000002	6	17	0	0	5	1	199	10.5	20:09	24.6000004	54.9000015
\.


--
-- Data for Name: teams; Type: TABLE DATA; Schema: public; Owner: don
--

COPY public.teams (id, city, name) FROM stdin;
1	Anaheim	Mighty Ducks
2	Arizona	Coyotes
3	Boston	Bruins
4	Buffalo	Sabres
5	Carolina	Hurricanes
6	Columbus	Blue Jackets
7	Calgary	Flames
8	Chicago	Blackhawks
9	Colorado	Avalanche
10	Dallas	Stars
11	Detroit	Red Wings
12	Edmonton	Oilers
13	Florida	Panthers
14	Los Angeles	Kings
15	Minnesota	Wild
16	Montreal	Canadiens
17	New Jersey	Devils
18	Nashville	Predators
19	New York	Islanders
20	New York	Rangers
21	Ottawa	Senators
22	Philadelphia	Flyers
23	Pittsburgh	Penguins
24	San Jose	Sharks
25	St. Louis	Blues
26	Tampa Bay	Lightning
27	Toronto	Maple Leafs
28	Vancouver	Canucks
29	Winnipeg	Jets
30	Washington	Capitals
31	Las Vegas	Golden Knights
\.


--
-- Name: arenas_id_seq; Type: SEQUENCE SET; Schema: public; Owner: don
--

SELECT pg_catalog.setval('public.arenas_id_seq', 1, true);


--
-- Name: knex_migrations_id_seq; Type: SEQUENCE SET; Schema: public; Owner: don
--

SELECT pg_catalog.setval('public.knex_migrations_id_seq', 5, true);


--
-- Name: knex_migrations_lock_index_seq; Type: SEQUENCE SET; Schema: public; Owner: don
--

SELECT pg_catalog.setval('public.knex_migrations_lock_index_seq', 1, true);


--
-- Name: players_id_seq; Type: SEQUENCE SET; Schema: public; Owner: don
--

SELECT pg_catalog.setval('public.players_id_seq', 1, true);


--
-- Name: arenas arenas_pkey; Type: CONSTRAINT; Schema: public; Owner: don
--

ALTER TABLE ONLY public.arenas
    ADD CONSTRAINT arenas_pkey PRIMARY KEY (id);


--
-- Name: knex_migrations_lock knex_migrations_lock_pkey; Type: CONSTRAINT; Schema: public; Owner: don
--

ALTER TABLE ONLY public.knex_migrations_lock
    ADD CONSTRAINT knex_migrations_lock_pkey PRIMARY KEY (index);


--
-- Name: knex_migrations knex_migrations_pkey; Type: CONSTRAINT; Schema: public; Owner: don
--

ALTER TABLE ONLY public.knex_migrations
    ADD CONSTRAINT knex_migrations_pkey PRIMARY KEY (id);


--
-- Name: players players_pkey; Type: CONSTRAINT; Schema: public; Owner: don
--

ALTER TABLE ONLY public.players
    ADD CONSTRAINT players_pkey PRIMARY KEY (id);


--
-- Name: teams teams_pkey; Type: CONSTRAINT; Schema: public; Owner: don
--

ALTER TABLE ONLY public.teams
    ADD CONSTRAINT teams_pkey PRIMARY KEY (id);


--
-- Name: arenas arenas_team_id_foreign; Type: FK CONSTRAINT; Schema: public; Owner: don
--

ALTER TABLE ONLY public.arenas
    ADD CONSTRAINT arenas_team_id_foreign FOREIGN KEY (team_id) REFERENCES public.teams(id);


--
-- Name: players players_team_id_fkey; Type: FK CONSTRAINT; Schema: public; Owner: don
--

ALTER TABLE ONLY public.players
    ADD CONSTRAINT players_team_id_fkey FOREIGN KEY (team_id) REFERENCES public.teams(id);


--
-- Name: SCHEMA public; Type: ACL; Schema: -; Owner: postgres
--



--
-- PostgreSQL database dump complete
--

